# REQ-TST-009 soak samples. 0.667 hours requested, sampling every 20 s, started 2026-07-30 09:18:33Z
elapsed_s	managed_b	collected_b	private_b	handles	gdi	user	frames_drawn	frames_dropped	pooled_buffers	pooled_b	traces	cycles
0.009	17044112	17044112	151044096	681	21	27	1	2	3	20480	1	0
20.017	17046416	17046416	150532096	692	21	30	122	2	5	32768	1	0
40.038	17047064	17047064	150487040	692	21	30	242	2	5	32768	1	0
60.045	17047016	17047016	150364160	688	21	30	362	2	5	32768	1	0
80.067	17046872	17046872	150323200	686	21	30	482	2	5	32768	1	0
100.075	17047472	17047472	150323200	686	21	30	602	2	5	32768	1	0
120.09	17047472	17047472	150323200	686	21	30	722	2	5	32768	1	0
140.106	17051680	17051680	150159360	680	21	29	842	2	3	20480	1	0
160.122	17047224	17047224	150200320	682	21	30	963	2	5	32768	1	0
180.14	17047272	17047272	150200320	682	21	30	1083	2	5	32768	1	0
200.155	17047272	17047272	150200320	682	21	30	1203	2	5	32768	1	0
220.173	17047280	17047280	150200320	682	21	30	1323	2	5	32768	1	0
240.186	17047272	17047272	150200320	682	21	30	1443	2	5	32768	1	0
260.206	17047280	17047280	150200320	682	21	30	1563	2	5	32768	1	0
280.222	17047272	17047272	150200320	682	21	30	1683	2	5	32768	1	0
300.239	17047272	17047272	150282240	682	21	30	1803	2	5	32768	1	0
320.25	17047368	17047368	150282240	682	21	30	1923	2	5	32768	1	0
340.265	17047368	17047368	150282240	682	21	30	2043	2	3	20480	1	0
360.283	17047368	17047368	150364160	686	21	31	2163	2	3	20480	1	0
380.295	17047592	17047592	150364160	686	21	31	2284	2	5	32768	1	0
400.313	17047592	17047592	150364160	686	21	31	2404	2	5	32768	1	0
420.327	17047592	17047592	150282240	684	21	30	2524	2	5	32768	1	0
440.339	17047368	17047368	150282240	684	21	30	2644	2	5	32768	1	0
460.362	17047368	17047368	150282240	684	21	30	2764	2	5	32768	1	0
480.374	17047368	17047368	150200320	680	21	29	2884	2	5	32768	1	0
500.385	17047272	17047272	150200320	680	21	29	3004	2	5	32768	1	0
520.406	17055464	17055464	150200320	680	21	29	3124	2	5	32768	1	0
540.426	17047272	17047272	150200320	680	21	29	3244	2	3	20480	1	0
560.433	17047272	17047272	150200320	680	21	29	3364	2	3	20480	1	0
580.448	17051480	17051480	150200320	680	21	29	3484	2	3	20480	1	0
600.469	17047272	17047272	150241280	680	21	29	3605	2	5	32768	1	0
620.489	17047320	17047320	150241280	680	21	29	3725	2	5	32768	1	0
640.496	17047320	17047320	150241280	680	21	29	3845	2	5	32768	1	0
660.514	17047320	17047320	150241280	680	21	29	3965	2	5	32768	1	0
680.529	17047320	17047320	150200320	680	21	29	4085	2	5	32768	1	0
700.544	17047272	17047272	150200320	680	21	29	4205	2	5	32768	1	0
720.563	17047272	17047272	150200320	680	21	29	4325	2	5	32768	1	0
740.575	17047272	17047272	150200320	680	21	29	4445	2	5	32768	1	0
760.589	17047272	17047272	150200320	680	21	29	4565	2	5	32768	1	0
780.605	17051480	17051480	150200320	680	21	29	4685	2	3	20480	1	0
800.622	17047272	17047272	150200320	680	21	29	4806	2	5	32768	1	0
820.637	17047272	17047272	150200320	680	21	29	4926	2	5	32768	1	0
840.655	17047272	17047272	150200320	680	21	29	5046	2	5	32768	1	0
860.668	17047272	17047272	150200320	680	21	29	5166	2	5	32768	1	0
880.684	17047272	17047272	150200320	680	21	29	5286	2	5	32768	1	0
900.699	17047272	17047272	150200320	680	21	29	5406	2	5	32768	1	0
920.715	17047272	17047272	150200320	680	21	29	5526	2	5	32768	1	0
940.733	17047272	17047272	150159360	680	21	29	5646	2	5	32768	1	0
960.745	17047224	17047224	150200320	680	21	29	5766	2	5	32768	1	0
980.764	17047272	17047272	150200320	680	21	29	5886	2	5	32768	1	0
1000.779	17047272	17047272	150200320	680	21	29	6007	2	5	32768	1	0
1020.794	17047272	17047272	150200320	680	21	29	6127	2	5	32768	1	0
1040.81	17047272	17047272	150200320	680	21	29	6247	2	5	32768	1	0
1060.824	17047272	17047272	150200320	680	21	29	6367	2	5	32768	1	0
1080.839	17047272	17047272	150200320	680	21	29	6487	2	5	32768	1	0
1100.856	17047272	17047272	150200320	680	21	29	6607	2	5	32768	1	0
1120.871	17047272	17047272	150200320	680	21	29	6727	2	5	32768	1	0
1140.89	17047272	17047272	150200320	680	21	29	6847	2	5	32768	1	0
1160.906	17047272	17047272	150200320	680	21	29	6967	2	5	32768	1	0
1180.916	17047272	17047272	150200320	680	21	29	7087	2	5	32768	1	0
1200.935	17047272	17047272	150200320	680	21	29	7207	2	5	32768	1	0
1220.948	17047272	17047272	150200320	680	21	29	7328	2	5	32768	1	0
1240.964	17047272	17047272	150200320	680	21	29	7448	2	5	32768	1	0
1260.979	17047272	17047272	150200320	680	21	29	7568	2	5	32768	1	0
1280.996	17047272	17047272	150200320	680	21	28	7688	2	5	32768	1	0
1301.011	17047272	17047272	150200320	680	21	28	7808	2	5	32768	1	0
1321.028	17047272	17047272	150200320	680	21	28	7928	2	5	32768	1	0
1341.043	17047272	17047272	150200320	680	21	29	8048	2	5	32768	1	0
1361.06	17047272	17047272	150200320	680	21	28	8168	2	5	32768	1	0
1381.074	17047272	17047272	150200320	680	21	29	8288	2	5	32768	1	0
1401.091	17047272	17047272	150200320	680	21	29	8408	2	5	32768	1	0
1421.105	17047272	17047272	150200320	680	21	28	8528	2	3	20480	1	0
1441.12	17047272	17047272	150200320	680	21	28	8649	2	5	32768	1	0
1461.139	17047272	17047272	150200320	680	21	28	8769	2	5	32768	1	0
1481.155	17047272	17047272	150200320	680	21	28	8889	2	5	32768	1	0
1501.171	17047272	17047272	150200320	680	21	28	9009	2	5	32768	1	0
1521.184	17047272	17047272	150331392	680	21	28	9129	2	5	32768	1	0
1541.201	17047272	17047272	150331392	680	21	29	9249	2	5	32768	1	0
1561.215	17047272	17047272	150331392	680	21	28	9369	2	5	32768	1	0
1581.231	17047272	17047272	150368256	680	21	28	9489	2	5	32768	1	0
1601.245	17047272	17047272	150368256	680	21	28	9609	2	5	32768	1	0
1621.263	17047272	17047272	150368256	680	21	28	9729	2	3	20480	1	0
1641.278	17051480	17051480	150704128	680	21	28	9849	2	3	20480	1	0
1661.294	17047272	17047272	150704128	680	21	29	9970	2	5	32768	1	0
1681.308	17047272	17047272	150704128	680	21	28	10090	2	5	32768	1	0
1701.324	17047400	17047400	150712320	680	21	29	10211	2	5	32768	1	0
1721.339	17047400	17047400	150712320	680	21	28	10331	2	5	32768	1	0
1741.36	17047400	17047400	150712320	680	21	28	10451	2	5	32768	1	0
1761.37	17047400	17047400	150712320	680	21	28	10571	2	5	32768	1	0
1781.389	17047400	17047400	150712320	680	21	28	10691	2	5	32768	1	0
1801.403	17047400	17047400	150712320	680	21	28	10811	2	5	32768	1	0
1821.419	17047400	17047400	150712320	680	21	29	10931	2	5	32768	1	0
1841.433	17051608	17051608	150712320	680	21	28	11051	2	3	20480	1	0
1861.449	17047400	17047400	150712320	682	21	29	11172	2	5	32768	1	0
1881.464	17047400	17047400	150712320	682	21	29	11292	2	5	32768	1	0
1901.481	17047400	17047400	150712320	682	21	29	11412	2	5	32768	1	0
1921.5	17047400	17047400	150712320	682	21	29	11532	2	5	32768	1	0
1941.515	17047400	17047400	150712320	682	21	29	11652	2	5	32768	1	0
1961.53	17047400	17047400	150712320	680	21	28	11772	2	5	32768	1	0
1981.543	17047400	17047400	150712320	680	21	28	11892	2	5	32768	1	0
2001.561	17055592	17055592	150712320	680	21	28	12012	2	5	32768	1	0
2021.579	17047400	17047400	150712320	680	21	28	12132	2	5	32768	1	0
2041.594	17047400	17047400	150712320	680	21	28	12252	2	3	20480	1	0
2061.605	17047400	17047400	150712320	680	21	29	12372	2	3	20480	1	0
2081.624	17047400	17047400	150712320	680	21	28	12493	2	5	32768	1	0
2101.64	17047400	17047400	150712320	591	21	28	12613	2	5	32768	1	0
2121.652	17047400	17047400	150712320	591	21	29	12733	2	5	32768	1	0
2141.668	17047400	17047400	150712320	591	21	29	12853	2	5	32768	1	0
2161.69	17047400	17047400	150712320	591	21	28	12973	2	5	32768	1	0
2181.702	17047400	17047400	150712320	591	21	29	13093	2	5	32768	1	0
2201.714	17047400	17047400	150712320	591	21	28	13213	2	5	32768	1	0
2221.735	17047400	17047400	150712320	591	21	28	13333	2	5	32768	1	0
2241.749	17047400	17047400	150712320	591	21	28	13453	2	5	32768	1	0
2261.769	17047920	17047920	150712320	591	21	28	13573	2	3	20480	1	0
2281.779	17051608	17051608	150712320	591	21	28	13693	2	3	20480	1	0
2301.802	17047400	17047400	150712320	591	21	28	13814	2	5	32768	1	0
2321.81	17047400	17047400	150712320	591	21	28	13934	2	5	32768	1	0
2341.829	17047344	17047344	150712320	591	21	28	14055	2	5	32768	1	0
2361.84	17047400	17047400	150712320	591	21	28	14175	2	5	32768	1	0
2381.854	17047400	17047400	150712320	591	21	28	14295	2	5	32768	1	0
2401.875	17047344	17047344	150712320	591	21	28	14415	2	5	32768	1	0
