# REQ-TST-009 soak samples. 5000 cycles requested (none), started 2026-07-30 08:03:08Z
elapsed_s	managed_b	collected_b	private_b	handles	gdi	user	frames_drawn	frames_dropped	pooled_buffers	pooled_b	traces	cycles
0.01	16979640	16979640	148062208	680	21	27	1	1	3	20480	1	0
0.027	16977344	16977344	148725760	681	21	27	2	2	3	20480	1	8
0.043	16977504	16977504	148725760	681	21	27	3	2	3	20480	1	16
0.058	16977504	16977504	148725760	681	21	27	4	2	5	32768	1	24
0.07	16977832	16977832	148725760	681	21	27	4	2	3	20480	1	32
0.085	16977504	16977504	148725760	681	21	27	5	2	5	32768	1	40
0.098	16977600	16977600	148725760	681	21	27	5	2	3	20480	1	48
0.114	16977504	16977504	148725760	681	21	27	6	2	5	32768	1	56
0.128	16978152	16978152	148725760	681	21	27	6	2	3	20480	1	64
0.142	16978288	16978288	148725760	681	21	27	7	2	5	32768	1	72
0.155	16978296	16978296	148725760	681	21	27	7	2	5	32768	1	80
0.168	16978296	16978296	148725760	681	21	27	7	2	3	20480	1	88
0.182	16978288	16978288	148725760	681	21	27	8	2	5	32768	1	96
0.2	16978608	16978608	148725760	681	21	27	8	2	3	20480	1	104
0.215	16978288	16978288	148725760	681	21	27	9	2	3	20480	1	112
0.23	16978432	16978432	148725760	681	21	27	10	2	3	20480	1	120
0.245	16978424	16978424	148725760	681	21	27	11	2	5	32768	1	128
0.258	16978744	16978744	148725760	681	21	27	11	2	3	20480	1	136
0.272	16978424	16978424	148725760	681	21	27	12	2	5	32768	1	144
0.286	16978712	16978712	148725760	681	21	27	12	2	3	20480	1	152
0.301	16978424	16978424	148725760	681	21	27	13	2	5	32768	1	160
0.314	16978424	16978424	148725760	681	21	27	13	2	3	20480	1	168
0.329	16978424	16978424	148725760	681	21	27	14	2	5	32768	1	176
0.341	16978432	16978432	148725760	681	21	27	14	2	3	20480	1	184
0.358	16978424	16978424	148725760	681	21	27	15	2	3	20480	1	192
0.373	16978424	16978424	148725760	681	21	27	16	2	3	20480	1	200
0.391	16978424	16978424	148725760	681	21	27	17	2	3	20480	1	208
0.406	16978424	16978424	148725760	681	21	27	18	2	3	20480	1	216
0.422	16978424	16978424	148725760	681	21	27	19	2	3	20480	1	224
0.437	16978424	16978424	148725760	681	21	27	20	2	3	20480	1	232
0.452	16978424	16978424	148725760	681	21	27	21	2	3	20480	1	240
0.466	16978424	16978424	148725760	681	21	27	22	2	3	20480	1	248
0.481	16978424	16978424	148725760	681	21	27	23	2	3	20480	1	256
0.497	16978424	16978424	148725760	681	21	27	24	2	3	20480	1	264
0.513	16978424	16978424	148725760	681	21	27	25	2	3	20480	1	272
0.528	16978424	16978424	148725760	681	21	27	26	2	3	20480	1	280
0.542	16978424	16978424	148725760	681	21	27	27	2	3	20480	1	288
0.56	16978424	16978424	148725760	681	21	27	28	2	3	20480	1	296
0.575	16978424	16978424	148725760	681	21	27	29	2	5	32768	1	304
0.587	16978424	16978424	148725760	681	21	27	29	2	5	32768	1	312
0.602	16978424	16978424	148725760	681	21	27	30	2	5	32768	1	320
0.615	16978704	16978704	148725760	681	21	27	30	2	3	20480	1	328
0.63	16978424	16978424	148725760	681	21	27	31	2	5	32768	1	336
0.642	16978424	16978424	148725760	681	21	27	31	2	3	20480	1	344
0.657	16978424	16978424	148725760	681	21	27	32	2	5	32768	1	352
0.669	16978432	16978432	148725760	681	21	27	32	2	3	20480	1	360
0.684	16978424	16978424	148725760	681	21	27	33	2	3	20480	1	368
0.699	16978424	16978424	148725760	681	21	27	34	2	3	20480	1	376
0.713	16978432	16978432	148725760	681	21	27	35	2	3	20480	1	384
0.731	16978424	16978424	148725760	681	21	27	36	2	3	20480	1	392
0.746	16978424	16978424	148725760	681	21	27	37	2	3	20480	1	400
0.761	16978424	16978424	148725760	681	21	27	38	2	3	20480	1	408
0.776	16978424	16978424	148725760	681	21	27	39	2	3	20480	1	416
0.791	16978424	16978424	148725760	681	21	27	40	2	3	20480	1	424
0.807	16978424	16978424	148725760	681	21	27	41	2	5	32768	1	432
0.821	16978432	16978432	148725760	681	21	27	41	2	3	20480	1	440
0.837	16978424	16978424	148725760	681	21	27	42	2	3	20480	1	448
0.853	16978424	16978424	148725760	681	21	27	43	2	3	20480	1	456
0.869	16978424	16978424	148725760	681	21	27	44	2	3	20480	1	464
0.885	16986616	16986616	148725760	681	21	27	45	2	3	20480	1	472
0.901	16978424	16978424	148725760	681	21	27	46	2	3	20480	1	480
0.921	16978432	16978432	148725760	681	21	27	47	2	3	20480	1	488
0.938	16978424	16978424	148725760	681	21	27	48	2	3	20480	1	496
0.957	16984744	16984744	148729856	681	21	27	49	2	3	20480	1	504
0.973	16984424	16984424	148729856	681	21	27	50	2	5	32768	1	512
0.987	16984752	16984752	148729856	681	21	27	50	2	3	20480	1	520
1.003	16984424	16984424	148729856	681	21	27	51	2	5	32768	1	528
1.015	16984432	16984432	148729856	681	21	27	51	2	3	20480	1	536
1.03	16984424	16984424	148729856	681	21	27	52	2	3	20480	1	544
1.044	16984424	16984424	148729856	681	21	27	53	2	3	20480	1	552
1.059	16984424	16984424	148729856	681	21	27	54	2	5	32768	1	560
1.071	16984432	16984432	148729856	681	21	27	54	2	5	32768	1	568
1.083	16984432	16984432	148729856	681	21	27	54	2	3	20480	1	576
1.101	16984424	16984424	148729856	681	21	27	55	2	5	32768	1	584
1.114	16984752	16984752	148729856	681	21	27	55	2	3	20480	1	592
1.129	16984424	16984424	148729856	681	21	27	56	2	5	32768	1	600
1.141	16984432	16984432	148729856	681	21	27	56	2	3	20480	1	608
1.156	16984424	16984424	148729856	681	21	27	57	2	3	20480	1	616
1.171	16984424	16984424	148729856	681	21	27	58	2	3	20480	1	624
1.186	16984424	16984424	148729856	681	21	27	59	2	3	20480	1	632
1.201	16984424	16984424	148729856	681	21	27	60	2	3	20480	1	640
1.215	16984424	16984424	148729856	681	21	27	61	2	3	20480	1	648
1.229	16984424	16984424	148729856	681	21	27	62	2	3	20480	1	656
1.244	16984424	16984424	148729856	681	21	27	63	2	3	20480	1	664
1.258	16984424	16984424	148729856	681	21	27	64	2	5	32768	1	672
1.276	16984424	16984424	148729856	681	21	27	65	2	3	20480	1	680
1.291	16984424	16984424	148729856	681	21	27	66	2	5	32768	1	688
1.304	16984432	16984432	148729856	681	21	27	66	2	5	32768	1	696
1.317	16984744	16984744	148729856	681	21	27	66	2	3	20480	1	704
1.331	16984424	16984424	148729856	681	21	27	67	2	5	32768	1	712
1.344	16984632	16984632	148729856	681	21	27	67	2	3	20480	1	720
1.359	16984424	16984424	148729856	681	21	27	68	2	5	32768	1	728
1.371	16984432	16984432	148729856	681	21	27	68	2	3	20480	1	736
1.385	16984424	16984424	148729856	681	21	27	69	2	3	20480	1	744
1.4	16984424	16984424	148729856	681	21	27	70	2	3	20480	1	752
1.414	16984424	16984424	148729856	681	21	27	71	2	3	20480	1	760
1.429	16984424	16984424	148729856	681	21	27	72	2	3	20480	1	768
1.446	16984448	16984448	148729856	681	21	27	73	2	3	20480	1	776
1.461	16984424	16984424	148729856	681	21	27	74	2	3	20480	1	784
1.475	16984424	16984424	148729856	681	21	27	75	2	5	32768	1	792
1.488	16988632	16988632	148729856	681	21	27	75	2	3	20480	1	800
1.503	16984704	16984704	148729856	681	21	27	76	2	3	20480	1	808
1.518	16984424	16984424	148729856	681	21	27	77	2	5	32768	1	816
1.53	16984432	16984432	148729856	681	21	27	77	2	3	20480	1	824
1.545	16984424	16984424	148729856	681	21	27	78	2	5	32768	1	832
1.558	16984432	16984432	148729856	681	21	27	78	2	3	20480	1	840
1.573	16984424	16984424	148729856	681	21	27	79	2	3	20480	1	848
1.587	16984424	16984424	148729856	681	21	27	80	2	3	20480	1	856
1.602	16984424	16984424	148729856	681	21	27	81	2	3	20480	1	864
1.617	16984424	16984424	148729856	681	21	27	82	2	3	20480	1	872
1.635	16984424	16984424	148729856	681	21	27	83	2	3	20480	1	880
1.65	16984424	16984424	148729856	681	21	27	84	2	3	20480	1	888
1.666	16984424	16984424	148729856	681	21	27	85	2	3	20480	1	896
1.68	16984424	16984424	148729856	681	21	27	86	2	3	20480	1	904
1.695	16984424	16984424	148729856	681	21	27	87	2	3	20480	1	912
1.71	16984424	16984424	148729856	681	21	27	88	2	3	20480	1	920
1.724	16984424	16984424	148729856	681	21	27	89	2	3	20480	1	928
1.739	16984424	16984424	148729856	681	21	27	90	2	5	32768	1	936
1.752	16984432	16984432	148729856	681	21	27	90	2	5	32768	1	944
1.766	16991576	16991576	148733952	681	21	27	90	2	3	20480	1	952
1.78	16984424	16984424	148733952	681	21	27	91	2	5	32768	1	960
1.795	16984624	16984624	148733952	681	21	27	91	2	3	20480	1	968
1.815	16984424	16984424	148733952	681	21	27	92	2	5	32768	1	976
1.83	16984432	16984432	148733952	681	21	27	92	2	3	20480	1	984
1.848	16984424	16984424	148733952	681	21	27	93	2	3	20480	1	992
1.864	16984424	16984424	148733952	681	21	27	94	2	3	20480	1	1000
1.881	16984424	16984424	148733952	681	21	27	95	2	3	20480	1	1008
1.898	16984432	16984432	148733952	681	21	27	96	2	3	20480	1	1016
1.916	16984424	16984424	148733952	681	21	27	97	2	3	20480	1	1024
1.933	16984424	16984424	148733952	681	21	27	98	2	3	20480	1	1032
1.952	16988696	16988696	148733952	681	21	27	99	2	3	20480	1	1040
1.97	16984880	16984880	148733952	681	21	27	100	2	3	20480	1	1048
1.987	16988768	16988768	148733952	681	21	27	101	2	3	20480	1	1056
2.004	16984560	16984560	148733952	681	21	27	102	2	3	20480	1	1064
2.025	16984560	16984560	148733952	681	21	27	103	2	3	20480	1	1072
2.041	16984560	16984560	148733952	681	21	27	104	2	3	20480	1	1080
2.059	16984568	16984568	148733952	681	21	27	105	2	3	20480	1	1088
2.076	16992760	16992760	148733952	681	21	27	106	2	3	20480	1	1096
2.094	16988768	16988768	148733952	681	21	27	107	2	3	20480	1	1104
2.112	16984880	16984880	148733952	681	21	27	108	2	3	20480	1	1112
2.13	16984560	16984560	148733952	681	21	27	109	2	5	32768	1	1120
2.145	16984768	16984768	148733952	681	21	27	109	2	3	20480	1	1128
2.163	16984560	16984560	148733952	681	21	27	110	2	3	20480	1	1136
2.181	16984560	16984560	148733952	681	21	27	111	2	3	20480	1	1144
2.199	16984560	16984560	148733952	681	21	27	112	2	3	20480	1	1152
2.216	16984560	16984560	148733952	681	21	27	113	2	3	20480	1	1160
2.236	16984880	16984880	148733952	681	21	27	114	2	3	20480	1	1168
2.254	16984560	16984560	148733952	681	21	27	115	2	5	32768	1	1176
2.273	16984696	16984696	148733952	683	21	28	117	2	5	32768	1	1184
2.287	16984696	16984696	148733952	683	21	28	117	2	3	20480	1	1192
2.302	16984688	16984688	148733952	683	21	28	118	2	3	20480	1	1200
2.317	16984688	16984688	148733952	683	21	28	119	2	5	32768	1	1208
2.331	16985016	16985016	148733952	683	21	28	119	2	3	20480	1	1216
2.346	16984688	16984688	148733952	683	21	28	120	2	5	32768	1	1224
2.36	16985208	16985208	148733952	683	21	28	120	2	3	20480	1	1232
2.375	16985208	16985208	148733952	683	21	28	121	2	3	20480	1	1240
2.391	16984968	16984968	148733952	683	21	28	122	2	3	20480	1	1248
2.407	16984968	16984968	148733952	683	21	28	123	2	3	20480	1	1256
2.426	16984968	16984968	148733952	683	21	28	124	2	3	20480	1	1264
2.441	16984696	16984696	148733952	683	21	28	125	2	5	32768	1	1272
2.454	16985208	16985208	148733952	683	21	28	125	2	3	20480	1	1280
2.47	16984968	16984968	148733952	683	21	28	126	2	3	20480	1	1288
2.485	16992880	16992880	148733952	683	21	28	127	2	5	32768	1	1296
2.498	16984696	16984696	148733952	683	21	28	127	2	3	20480	1	1304
2.513	16984688	16984688	148733952	683	21	28	128	2	5	32768	1	1312
2.526	16984688	16984688	148733952	683	21	28	128	2	3	20480	1	1320
2.541	16984688	16984688	148733952	683	21	28	129	2	3	20480	1	1328
2.556	16984688	16984688	148733952	683	21	28	130	2	3	20480	1	1336
2.571	16984688	16984688	148672512	683	21	28	131	2	3	20480	1	1344
2.585	16984696	16984696	148672512	683	21	28	132	2	3	20480	1	1352
2.603	16984688	16984688	148672512	683	21	28	133	2	3	20480	1	1360
2.618	16984688	16984688	148672512	683	21	28	134	2	3	20480	1	1368
2.633	16984688	16984688	148672512	683	21	28	135	2	3	20480	1	1376
2.648	16984688	16984688	148672512	683	21	28	136	2	3	20480	1	1384
2.663	16984688	16984688	148672512	683	21	28	137	2	3	20480	1	1392
2.678	16984688	16984688	148672512	683	21	28	138	2	3	20480	1	1400
2.693	16984688	16984688	148672512	683	21	28	139	2	3	20480	1	1408
2.708	16984688	16984688	148672512	683	21	28	140	2	5	32768	1	1416
2.721	16984968	16984968	148672512	683	21	28	140	2	3	20480	1	1424
2.736	16984688	16984688	148672512	683	21	28	141	2	5	32768	1	1432
2.749	16985016	16985016	148672512	683	21	28	141	2	3	20480	1	1440
2.764	16984696	16984696	148672512	683	21	28	142	2	5	32768	1	1448
2.78	16984976	16984976	148643840	683	21	28	142	2	3	20480	1	1456
2.795	16984688	16984688	148643840	683	21	28	143	2	5	32768	1	1464
2.808	16984688	16984688	148643840	683	21	28	143	2	3	20480	1	1472
2.822	16984688	16984688	148643840	683	21	28	144	2	3	20480	1	1480
2.839	16984688	16984688	148643840	683	21	28	145	2	3	20480	1	1488
2.856	16984688	16984688	148643840	683	21	28	146	2	3	20480	1	1496
2.874	17001392	17001392	148643840	683	21	28	147	2	3	20480	1	1504
2.889	16984688	16984688	148643840	683	21	28	148	2	3	20480	1	1512
2.907	16989248	16989248	148643840	683	21	28	149	2	3	20480	1	1520
2.924	16984688	16984688	148643840	683	21	28	150	2	5	32768	1	1528
2.94	16984688	16984688	148643840	683	21	28	151	2	3	20480	1	1536
2.957	16984624	16984624	148643840	683	21	28	152	2	5	32768	1	1544
2.974	16984624	16984624	147398656	683	21	28	152	2	3	20480	1	1552
2.99	16992880	16992880	147398656	683	21	28	153	2	3	20480	1	1560
3.007	16984688	16984688	147398656	683	21	28	154	2	3	20480	1	1568
3.024	16984688	16984688	147398656	683	21	28	155	2	3	20480	1	1576
3.04	16984688	16984688	147398656	683	21	28	156	2	3	20480	1	1584
3.056	16984688	16984688	147398656	683	21	28	157	2	3	20480	1	1592
3.073	16984688	16984688	147398656	683	21	28	158	2	3	20480	1	1600
3.089	16984688	16984688	147398656	683	21	28	159	2	3	20480	1	1608
3.106	16985016	16985016	147398656	683	21	28	160	2	3	20480	1	1616
3.124	16985016	16985016	147398656	683	21	28	161	2	3	20480	1	1624
3.14	16984976	16984976	147398656	683	21	28	162	2	3	20480	1	1632
3.16	16991840	16991840	147398656	683	21	28	163	2	3	20480	1	1640
3.179	16984688	16984688	147398656	683	21	28	164	2	3	20480	1	1648
3.198	16984688	16984688	147398656	683	21	28	165	2	3	20480	1	1656
3.218	16984696	16984696	147398656	683	21	28	166	2	5	32768	1	1664
3.235	16989248	16989248	147398656	683	21	28	166	2	3	20480	1	1672
3.253	16984688	16984688	147398656	683	21	28	167	2	3	20480	1	1680
3.269	16984688	16984688	147398656	683	21	28	168	2	5	32768	1	1688
3.289	16984688	16984688	147398656	685	21	29	169	2	3	20480	1	1696
3.307	16984688	16984688	147398656	685	21	29	170	2	3	20480	1	1704
3.325	16984688	16984688	147398656	685	21	29	171	2	3	20480	1	1712
3.344	16985008	16985008	147398656	685	21	29	172	6	3	20480	1	1720
3.359	16984688	16984688	147398656	685	21	29	173	6	5	32768	1	1728
3.374	16984968	16984968	147398656	685	21	29	173	6	3	20480	1	1736
3.4	16989632	16989632	147456000	690	21	29	174	7	3	20480	1	1744
3.422	16985056	16985056	147456000	690	21	29	175	7	3	20480	1	1752
3.441	16985592	16985592	147456000	690	21	29	176	8	5	32768	1	1760
3.458	16985600	16985600	147456000	690	21	29	176	8	3	20480	1	1768
3.48	16985592	16985592	147456000	690	21	29	177	8	3	20480	1	1776
3.499	16985600	16985600	147456000	690	21	29	178	8	5	32768	1	1784
3.548	16986056	16986056	147456000	690	21	29	179	9	3	20480	1	1792
3.565	16985736	16985736	147456000	690	21	29	180	9	3	20480	1	1800
3.582	16985736	16985736	147456000	690	21	29	181	9	3	20480	1	1808
3.599	16985728	16985728	147456000	690	21	29	182	9	3	20480	1	1816
3.616	16985728	16985728	147456000	690	21	29	183	9	3	20480	1	1824
3.632	16985728	16985728	147456000	690	21	29	184	9	3	20480	1	1832
3.651	16986008	16986008	147456000	690	21	29	185	9	3	20480	1	1840
3.667	16985728	16985728	147456000	690	21	29	186	9	5	32768	1	1848
3.682	17010304	17010304	147456000	690	21	29	186	9	3	20480	1	1856
3.699	16985728	16985728	147456000	690	21	29	187	9	5	32768	1	1864
3.714	16986008	16986008	147456000	690	21	29	187	9	3	20480	1	1872
3.729	16985736	16985736	147456000	690	21	29	188	9	5	32768	1	1880
3.743	16985728	16985728	147456000	690	21	29	188	9	3	20480	1	1888
3.758	16985728	16985728	147456000	690	21	29	189	9	3	20480	1	1896
3.774	16985728	16985728	147456000	690	21	29	190	9	3	20480	1	1904
3.789	16985728	16985728	147456000	690	21	29	191	9	3	20480	1	1912
3.805	16985728	16985728	147456000	690	21	29	192	9	3	20480	1	1920
3.823	16989936	16989936	147456000	690	21	29	193	9	3	20480	1	1928
3.841	16989936	16989936	147456000	690	21	29	194	9	3	20480	1	1936
3.86	16985736	16985736	147456000	690	21	29	196	9	3	20480	1	1944
3.878	16985736	16985736	147456000	690	21	29	197	9	3	20480	1	1952
3.896	16985728	16985728	147456000	690	21	29	198	9	5	32768	1	1960
3.91	16993928	16993928	147456000	690	21	29	198	9	3	20480	1	1968
3.927	16985728	16985728	147456000	690	21	29	199	9	3	20480	1	1976
3.944	16985728	16985728	147456000	690	21	29	200	14	3	20480	1	1984
3.962	16985720	16985720	147456000	690	21	29	201	14	5	32768	1	1992
3.978	16994240	16986048	147456000	690	21	29	201	14	3	20480	1	2000
3.996	16985728	16985728	147456000	690	21	29	202	14	5	32768	1	2008
4.013	16994240	16986048	147456000	690	21	29	202	14	3	20480	1	2016
4.031	16985720	16985720	147456000	690	21	29	203	14	3	20480	1	2024
4.055	16985720	16985720	147456000	690	21	29	204	14	3	20480	1	2032
4.074	16986040	16986040	147456000	690	21	29	205	14	3	20480	1	2040
4.092	16990280	16990280	147460096	690	21	29	206	14	3	20480	1	2048
4.112	16985728	16985728	147460096	690	21	29	207	14	3	20480	1	2056
4.133	16985728	16985728	147460096	690	21	29	208	14	3	20480	1	2064
4.155	16985720	16985720	147460096	690	21	29	209	14	3	20480	1	2072
4.176	16985720	16985720	147460096	690	21	29	210	14	3	20480	1	2080
4.197	16985720	16985720	147460096	690	21	29	211	14	3	20480	1	2088
4.217	16985728	16985728	147460096	690	21	29	212	14	3	20480	1	2096
4.239	16985720	16985720	147460096	690	21	29	213	14	3	20480	1	2104
4.258	16985720	16985720	147460096	690	21	29	214	14	3	20480	1	2112
4.284	16986040	16986040	147460096	690	21	29	215	14	3	20480	1	2120
4.307	16986040	16986040	147460096	690	21	29	216	14	3	20480	1	2128
4.325	16986040	16986040	147460096	690	21	29	217	14	3	20480	1	2136
4.344	16985720	16985720	147460096	690	21	29	219	14	3	20480	1	2144
4.36	16993912	16993912	147460096	690	21	29	220	14	3	20480	1	2152
4.376	16985720	16985720	147460096	690	21	29	221	14	3	20480	1	2160
4.391	16985720	16985720	147460096	690	21	29	222	14	5	32768	1	2168
4.406	16985728	16985728	147460096	690	21	29	223	14	5	32768	1	2176
4.421	16986000	16986000	147460096	690	21	29	223	14	3	20480	1	2184
4.436	16985720	16985720	147460096	690	21	29	224	14	5	32768	1	2192
4.451	16992872	16992872	147460096	690	21	29	224	14	3	20480	1	2200
4.467	16985720	16985720	147460096	690	21	29	225	14	5	32768	1	2208
4.482	16986000	16986000	147460096	690	21	29	225	14	3	20480	1	2216
4.5	16985728	16985728	147460096	690	21	29	226	14	3	20480	1	2224
4.516	16985720	16985720	147460096	690	21	29	227	14	3	20480	1	2232
4.532	16985720	16985720	147460096	690	21	29	228	14	3	20480	1	2240
4.55	16985720	16985720	147460096	690	21	29	229	14	3	20480	1	2248
4.567	16985720	16985720	147460096	690	21	29	230	14	3	20480	1	2256
4.586	16985720	16985720	147460096	690	21	29	231	14	3	20480	1	2264
4.602	16985728	16985728	147460096	690	21	29	232	14	3	20480	1	2272
4.617	16985720	16985720	147460096	690	21	29	233	14	3	20480	1	2280
4.632	16985720	16985720	147460096	690	21	29	234	14	3	20480	1	2288
4.647	16985720	16985720	147460096	690	21	29	235	14	3	20480	1	2296
4.662	16985728	16985728	147460096	690	21	29	236	14	3	20480	1	2304
4.677	16985720	16985720	147460096	690	21	29	237	14	5	32768	1	2312
4.693	16985720	16985720	147460096	690	21	29	237	14	3	20480	1	2320
4.708	16985720	16985720	147460096	690	21	29	238	14	3	20480	1	2328
4.723	16985720	16985720	147460096	690	21	29	239	14	3	20480	1	2336
4.738	16985720	16985720	147460096	690	21	29	240	14	3	20480	1	2344
4.753	16985728	16985728	147460096	690	21	29	241	14	3	20480	1	2352
4.768	16985720	16985720	147460096	690	21	29	242	14	3	20480	1	2360
4.783	16985720	16985720	147460096	690	21	29	243	14	3	20480	1	2368
4.798	16985720	16985720	146804736	690	21	29	244	14	3	20480	1	2376
4.814	16985720	16985720	146804736	690	21	29	245	14	3	20480	1	2384
4.829	16985720	16985720	146804736	690	21	29	246	14	3	20480	1	2392
4.844	16985720	16985720	146804736	690	21	29	247	14	5	32768	1	2400
4.858	16985728	16985728	146804736	690	21	29	247	14	3	20480	1	2408
4.88	16985720	16985720	146804736	690	21	29	249	14	3	20480	1	2416
4.897	16985728	16985728	146804736	690	21	29	250	14	5	32768	1	2424
4.911	16985728	16985728	146804736	690	21	29	250	14	3	20480	1	2432
4.928	16985720	16985720	146804736	690	21	29	251	14	5	32768	1	2440
4.943	16985728	16985728	146804736	690	21	29	251	14	3	20480	1	2448
4.96	16985776	16985776	146804736	690	21	29	252	14	3	20480	1	2456
4.978	16986096	16986096	146804736	690	21	29	253	15	3	20480	1	2464
4.995	16985784	16985784	146804736	690	21	29	254	15	5	32768	1	2472
5.011	16986064	16986064	146804736	690	21	29	254	19	3	20480	1	2480
5.028	16985784	16985784	146804736	690	21	29	255	19	5	32768	1	2488
5.042	16985784	16985784	146804736	690	21	29	255	19	3	20480	1	2496
5.059	16985776	16985776	146804736	690	21	29	256	19	3	20480	1	2504
5.079	16985800	16985800	146804736	690	21	29	257	19	3	20480	1	2512
5.096	16985776	16985776	146804736	690	21	29	258	19	5	32768	1	2520
5.11	17002168	16993976	146804736	690	21	29	258	19	3	20480	1	2528
5.127	16985776	16985776	146804736	690	21	29	259	22	3	20480	1	2536
5.144	16985776	16985776	146804736	690	21	29	260	22	5	32768	1	2544
5.159	16985784	16985784	146804736	690	21	29	260	22	5	32768	1	2552
5.173	16985784	16985784	146804736	690	21	29	260	22	3	20480	1	2560
5.19	16985784	16985784	146804736	690	21	29	261	22	3	20480	1	2568
5.207	16985784	16985784	146804736	690	21	29	262	22	5	32768	1	2576
5.221	16985776	16985776	146804736	690	21	29	262	22	3	20480	1	2584
5.238	16985776	16985776	146804736	690	21	29	263	22	5	32768	1	2592
5.253	16985784	16985784	146804736	690	21	29	263	22	3	20480	1	2600
5.27	16985776	16985776	146804736	690	21	29	264	22	5	32768	1	2608
5.284	16985776	16985776	146804736	690	21	29	264	22	3	20480	1	2616
5.303	16985776	16985776	146804736	690	21	29	265	22	5	32768	1	2624
5.319	16986096	16986096	146804736	690	21	29	265	22	3	20480	1	2632
5.336	16985776	16985776	146804736	690	21	29	266	22	5	32768	1	2640
5.351	16990272	16990272	146804736	690	21	29	266	22	3	20480	1	2648
5.369	16985784	16985784	146804736	690	21	29	267	22	3	20480	1	2656
5.385	16993968	16993968	146804736	690	21	29	268	22	3	20480	1	2664
5.402	16985776	16985776	146804736	690	21	29	269	22	3	20480	1	2672
5.418	16985776	16985776	146804736	690	21	29	270	22	3	20480	1	2680
5.436	16985776	16985776	146804736	690	21	29	271	22	3	20480	1	2688
5.453	16993976	16985784	146804736	690	21	29	272	22	3	20480	1	2696
5.47	16985776	16985776	146804736	690	21	29	273	22	3	20480	1	2704
5.491	16990544	16990544	146804736	690	21	29	274	22	3	20480	1	2712
5.513	16985776	16985776	146804736	690	21	29	275	22	3	20480	1	2720
5.53	16985776	16985776	146804736	690	21	29	276	22	3	20480	1	2728
5.547	16985776	16985776	146804736	690	21	29	277	22	3	20480	1	2736
5.563	16985776	16985776	146804736	690	21	29	278	22	5	32768	1	2744
5.576	16985776	16985776	146804736	690	21	29	278	22	3	20480	1	2752
5.591	16985776	16985776	146804736	690	21	29	279	22	3	20480	1	2760
5.606	16985776	16985776	146804736	690	21	29	280	22	3	20480	1	2768
5.622	16985776	16985776	146804736	690	21	29	281	22	3	20480	1	2776
5.637	16985776	16985776	146804736	690	21	29	282	22	3	20480	1	2784
5.652	16985776	16985776	146804736	690	21	29	283	22	3	20480	1	2792
5.668	16985776	16985776	146804736	690	21	29	284	22	3	20480	1	2800
5.683	16985776	16985776	146804736	690	21	29	285	22	3	20480	1	2808
5.701	16985776	16985776	146804736	690	21	29	286	22	3	20480	1	2816
5.717	16985776	16985776	146804736	690	21	29	287	22	3	20480	1	2824
5.732	16985776	16985776	146804736	690	21	29	288	22	3	20480	1	2832
5.748	16985776	16985776	146804736	690	21	29	289	22	3	20480	1	2840
5.762	16985784	16985784	146804736	690	21	29	290	22	3	20480	1	2848
5.778	16985776	16985776	146804736	690	21	29	291	22	3	20480	1	2856
5.793	16985776	16985776	146804736	690	21	29	292	22	3	20480	1	2864
5.808	16985776	16985776	146804736	690	21	29	293	22	5	32768	1	2872
5.821	16985776	16985776	146804736	690	21	29	293	22	5	32768	1	2880
5.834	16985784	16985784	145960960	690	21	29	293	22	3	20480	1	2888
5.849	16985776	16985776	145960960	690	21	29	294	22	5	32768	1	2896
5.865	16986296	16986296	145960960	690	21	29	294	22	3	20480	1	2904
5.885	16985776	16985776	145960960	690	21	29	295	22	3	20480	1	2912
5.902	16985776	16985776	145960960	690	21	29	296	22	3	20480	1	2920
5.92	17002168	16985784	145960960	690	21	29	297	22	3	20480	1	2928
5.937	16985776	16985776	145960960	690	21	29	298	22	3	20480	1	2936
5.955	16985712	16985712	145960960	690	21	29	299	22	3	20480	1	2944
5.972	16985992	16985992	145960960	690	21	29	300	22	3	20480	1	2952
5.989	16985712	16985712	145960960	690	21	29	301	22	5	32768	1	2960
6.005	16986040	16986040	145960960	690	21	29	301	22	3	20480	1	2968
6.022	16985712	16985712	145960960	690	21	29	302	22	5	32768	1	2976
6.039	16985712	16985712	145895424	690	21	29	303	22	5	32768	1	2984
6.054	16985712	16985712	145895424	690	21	29	303	22	3	20480	1	2992
6.071	16985712	16985712	145895424	690	21	29	304	22	3	20480	1	3000
6.091	16985712	16985712	145895424	690	21	29	305	22	3	20480	1	3008
6.108	16985712	16985712	145895424	690	21	29	306	22	3	20480	1	3016
6.126	16985712	16985712	145895424	690	21	29	307	22	3	20480	1	3024
6.144	16985992	16985992	145895424	690	21	29	308	23	3	20480	1	3032
6.161	16993904	16993904	145895424	690	21	29	309	23	5	32768	1	3040
6.176	16985720	16985720	145895424	690	21	29	309	23	5	32768	1	3048
6.193	16986040	16986040	145895424	690	21	29	309	23	3	20480	1	3056
6.211	16985720	16985720	145895424	690	21	29	310	23	3	20480	1	3064
6.227	16985712	16985712	145895424	690	21	29	311	23	3	20480	1	3072
6.243	16985720	16985720	145895424	690	21	29	312	23	3	20480	1	3080
6.258	16985712	16985712	145895424	690	21	29	313	23	5	32768	1	3088
6.273	16985720	16985720	145895424	690	21	29	313	23	3	20480	1	3096
6.291	16985712	16985712	145895424	690	21	29	314	23	3	20480	1	3104
6.306	16985712	16985712	145895424	690	21	29	315	23	3	20480	1	3112
6.323	16985720	16985720	145895424	690	21	29	316	23	3	20480	1	3120
6.338	16985712	16985712	145895424	690	21	29	317	23	3	20480	1	3128
6.353	16985712	16985712	145895424	690	21	29	318	23	3	20480	1	3136
6.368	16985712	16985712	145895424	690	21	29	319	23	3	20480	1	3144
6.383	16985720	16985720	145895424	690	21	29	320	23	3	20480	1	3152
6.398	16985712	16985712	145895424	690	21	29	321	23	3	20480	1	3160
6.417	16985712	16985712	145895424	690	21	29	322	23	3	20480	1	3168
6.437	16985712	16985712	145895424	690	21	29	323	23	3	20480	1	3176
6.466	16985720	16985720	145895424	690	21	29	325	23	3	20480	1	3184
6.493	16989920	16989920	145895424	690	21	29	326	24	3	20480	1	3192
6.519	16985712	16985712	145895424	690	21	29	327	24	5	32768	1	3200
6.533	16986040	16986040	145895424	690	21	29	327	24	3	20480	1	3208
6.548	16985712	16985712	145895424	690	21	29	328	24	5	32768	1	3216
6.561	16985720	16985720	145895424	690	21	29	328	25	3	20480	1	3224
6.576	16985712	16985712	145895424	690	21	29	329	25	5	32768	1	3232
6.59	16985720	16985720	145895424	690	21	29	329	25	3	20480	1	3240
6.606	16985712	16985712	145895424	690	21	29	330	25	3	20480	1	3248
6.621	16985712	16985712	145895424	690	21	29	331	25	3	20480	1	3256
6.637	16985712	16985712	145895424	690	21	29	332	25	3	20480	1	3264
6.651	16985720	16985720	145895424	690	21	29	333	25	3	20480	1	3272
6.666	16985712	16985712	145895424	690	21	29	334	25	3	20480	1	3280
6.684	16985712	16985712	145895424	690	21	29	335	25	3	20480	1	3288
6.7	16993904	16993904	145895424	690	21	29	336	25	3	20480	1	3296
6.716	16985720	16985720	145895424	690	21	29	337	25	3	20480	1	3304
6.731	16985720	16985720	145895424	690	21	29	338	25	3	20480	1	3312
6.746	16985712	16985712	145895424	690	21	29	339	25	3	20480	1	3320
6.761	16985712	16985712	145895424	690	21	29	340	25	3	20480	1	3328
6.776	16985712	16985712	145895424	690	21	29	341	25	5	32768	1	3336
6.789	16985712	16985712	145895424	690	21	29	341	25	3	20480	1	3344
6.804	16985712	16985712	145895424	690	21	29	342	25	5	32768	1	3352
6.817	16986232	16986232	145895424	690	21	29	342	25	3	20480	1	3360
6.833	16985712	16985712	145895424	690	21	29	343	25	5	32768	1	3368
6.847	16994232	16986040	145895424	690	21	29	343	25	3	20480	1	3376
6.865	16985712	16985712	145895424	690	21	29	344	25	5	32768	1	3384
6.878	16985720	16985720	145895424	690	21	29	344	26	3	20480	1	3392
6.894	16985712	16985712	145895424	690	21	29	345	26	5	32768	1	3400
6.909	16985720	16985720	145895424	690	21	29	345	26	5	32768	1	3408
6.924	16985712	16985712	145895424	690	21	29	345	26	3	20480	1	3416
6.94	16985712	16985712	145895424	690	21	29	346	26	5	32768	1	3424
6.956	16986032	16986032	145895424	690	21	29	346	26	3	20480	1	3432
6.973	16985712	16985712	145895424	690	21	29	347	26	5	32768	1	3440
6.989	16986040	16986040	145895424	690	21	29	347	26	3	20480	1	3448
7.006	16985712	16985712	145895424	690	21	29	348	26	5	32768	1	3456
7.022	16986040	16986040	145895424	690	21	29	348	26	3	20480	1	3464
7.04	16985712	16985712	145895424	690	21	29	349	30	3	20480	1	3472
7.058	16985712	16985712	145895424	690	21	29	350	30	5	32768	1	3480
7.076	16985720	16985720	145895424	690	21	29	350	30	3	20480	1	3488
7.093	16985712	16985712	145895424	690	21	29	351	30	3	20480	1	3496
7.11	16985712	16985712	145895424	690	21	29	352	30	3	20480	1	3504
7.128	16985992	16985992	145895424	690	21	29	353	30	3	20480	1	3512
7.147	16985712	16985712	145895424	690	21	29	354	30	5	32768	1	3520
7.161	16985720	16985720	145895424	690	21	29	354	30	5	32768	1	3528
7.177	16990656	16990656	145895424	690	21	29	354	30	3	20480	1	3536
7.196	16985712	16985712	146419712	690	21	29	356	30	3	20480	1	3544
7.213	16985712	16985712	146419712	690	21	29	357	30	3	20480	1	3552
7.232	16985712	16985712	146419712	690	21	29	358	30	3	20480	1	3560
7.248	16985720	16985720	146419712	690	21	29	359	30	3	20480	1	3568
7.266	16985712	16985712	146419712	690	21	29	360	30	5	32768	1	3576
7.284	16985720	16985720	146419712	690	21	29	360	30	3	20480	1	3584
7.299	16985712	16985712	146419712	690	21	29	361	30	5	32768	1	3592
7.313	16985712	16985712	146419712	690	21	29	361	30	3	20480	1	3600
7.328	16985712	16985712	146419712	690	21	29	362	30	5	32768	1	3608
7.341	16985720	16985720	146419712	690	21	29	362	30	3	20480	1	3616
7.356	16985712	16985712	146419712	690	21	29	363	30	3	20480	1	3624
7.371	16985712	16985712	146419712	690	21	29	364	30	3	20480	1	3632
7.386	16985712	16985712	146419712	690	21	29	365	30	3	20480	1	3640
7.402	16985712	16985712	146419712	690	21	29	366	30	3	20480	1	3648
7.42	16993904	16993904	146419712	690	21	29	367	30	3	20480	1	3656
7.435	16985712	16985712	146419712	690	21	29	368	30	3	20480	1	3664
7.451	16985712	16985712	146419712	690	21	29	369	30	3	20480	1	3672
7.473	16992864	16992864	146419712	690	21	29	370	30	3	20480	1	3680
7.496	16985712	16985712	146419712	690	21	29	371	30	3	20480	1	3688
7.524	16985712	16985712	146419712	690	21	29	372	30	3	20480	1	3696
7.549	16985712	16985712	146419712	690	21	29	373	30	3	20480	1	3704
7.575	16993912	16993912	146419712	690	21	29	374	30	3	20480	1	3712
7.6	16985992	16985992	146419712	690	21	29	375	30	3	20480	1	3720
7.626	16985712	16985712	146419712	690	21	29	376	30	3	20480	1	3728
7.655	16985720	16985720	146419712	690	21	29	378	30	3	20480	1	3736
7.684	16985712	16985712	146419712	690	21	29	380	30	3	20480	1	3744
7.704	16989920	16989920	146419712	690	21	29	381	30	3	20480	1	3752
7.724	16990272	16990272	146419712	690	21	29	382	30	3	20480	1	3760
7.744	16985712	16985712	146419712	690	21	29	383	30	3	20480	1	3768
7.761	16985720	16985720	146419712	690	21	29	384	30	5	32768	1	3776
7.777	16985712	16985712	146419712	690	21	29	384	30	3	20480	1	3784
7.792	16985712	16985712	146419712	690	21	29	385	30	3	20480	1	3792
7.812	16990080	16990080	146419712	690	21	29	386	30	3	20480	1	3800
7.827	16985712	16985712	146419712	690	21	29	387	30	5	32768	1	3808
7.84	16985720	16985720	146419712	690	21	29	387	30	3	20480	1	3816
7.854	16985712	16985712	146419712	690	21	29	388	30	3	20480	1	3824
7.869	16985712	16985712	146419712	690	21	29	389	30	3	20480	1	3832
7.883	16985712	16985712	146419712	690	21	29	390	30	3	20480	1	3840
7.899	16985712	16985712	146419712	690	21	29	391	30	3	20480	1	3848
7.915	16985720	16985720	146419712	690	21	29	392	30	3	20480	1	3856
7.935	16985712	16985712	146419712	690	21	29	393	30	3	20480	1	3864
7.952	16989920	16989920	146419712	690	21	29	394	30	3	20480	1	3872
7.97	16986032	16986032	146419712	690	21	29	395	30	3	20480	1	3880
7.987	16990208	16990208	146419712	690	21	29	396	30	3	20480	1	3888
8.003	16985712	16985712	146419712	690	21	29	397	30	5	32768	1	3896
8.018	16986040	16986040	146419712	690	21	29	397	30	3	20480	1	3904
8.035	16993904	16993904	146419712	690	21	29	398	30	5	32768	1	3912
8.049	17002104	17002104	146419712	690	21	29	398	30	3	20480	1	3920
8.066	16985712	16985712	146419712	690	21	29	399	30	5	32768	1	3928
8.081	16985920	16985920	146419712	690	21	29	399	30	3	20480	1	3936
8.098	16985712	16985712	146419712	690	21	29	400	30	3	20480	1	3944
8.115	16985712	16985712	146419712	690	21	29	401	30	3	20480	1	3952
8.134	16985712	16985712	146419712	690	21	29	402	30	3	20480	1	3960
8.15	16985712	16985712	146419712	690	21	29	403	30	3	20480	1	3968
8.167	16985720	16985720	146419712	690	21	29	404	30	3	20480	1	3976
8.184	17002096	16993904	146419712	690	21	29	405	30	3	20480	1	3984
8.202	16985992	16985992	146419712	690	21	29	406	30	3	20480	1	3992
8.219	16986032	16986032	146419712	690	21	29	407	30	3	20480	1	4000
8.237	16985712	16985712	146419712	690	21	29	408	30	5	32768	1	4008
8.252	16994232	16986040	146419712	690	21	29	408	30	3	20480	1	4016
8.268	16985712	16985712	146419712	690	21	29	409	30	3	20480	1	4024
8.286	16985712	16985712	146419712	690	21	29	410	30	3	20480	1	4032
8.304	16985712	16985712	146419712	690	21	29	411	30	3	20480	1	4040
8.322	16985712	16985712	146419712	690	21	29	412	30	3	20480	1	4048
8.344	16985992	16985992	146419712	690	21	29	413	34	3	20480	1	4056
8.36	16985720	16985720	146419712	690	21	29	414	34	5	32768	1	4064
8.374	16985808	16985808	146419712	690	21	29	414	34	3	20480	1	4072
8.392	16986032	16986032	146419712	690	21	29	415	34	3	20480	1	4080
8.411	16985720	16985720	146419712	690	21	29	416	35	3	20480	1	4088
8.428	16985712	16985712	146419712	690	21	29	417	35	3	20480	1	4096
8.449	16985712	16985712	146419712	690	21	29	418	35	5	32768	1	4104
8.468	16985720	16985720	146419712	690	21	29	418	35	3	20480	1	4112
8.49	16985712	16985712	146419712	690	21	29	419	35	3	20480	1	4120
8.511	16985712	16985712	146419712	690	21	29	420	35	3	20480	1	4128
8.533	16985712	16985712	146419712	690	21	29	421	35	3	20480	1	4136
8.554	16985712	16985712	146419712	690	21	29	422	35	3	20480	1	4144
8.577	16990208	16990208	146419712	690	21	29	423	35	3	20480	1	4152
8.598	16985712	16985712	146419712	690	21	29	425	35	3	20480	1	4160
8.616	16985712	16985712	146419712	690	21	29	426	35	3	20480	1	4168
8.639	16986040	16986040	146419712	690	21	29	427	35	3	20480	1	4176
8.657	16989920	16989920	146419712	690	21	29	428	36	3	20480	1	4184
8.675	16985720	16985720	146419712	690	21	29	429	36	5	32768	1	4192
8.69	16985712	16985712	146419712	690	21	29	429	36	3	20480	1	4200
8.708	16985712	16985712	146419712	690	21	29	430	36	3	20480	1	4208
8.726	16985712	16985712	146419712	690	21	29	431	36	3	20480	1	4216
8.747	16986000	16986000	146419712	690	21	29	432	36	3	20480	1	4224
8.764	16985712	16985712	146419712	690	21	29	433	36	5	32768	1	4232
8.778	16985720	16985720	146419712	690	21	29	433	36	3	20480	1	4240
8.797	16985712	16985712	146419712	690	21	29	434	36	3	20480	1	4248
8.814	16985712	16985712	146419712	690	21	29	435	36	3	20480	1	4256
8.83	16985712	16985712	146419712	690	21	29	436	36	3	20480	1	4264
8.845	16985720	16985720	146419712	690	21	29	437	36	3	20480	1	4272
8.861	16985712	16985712	146419712	690	21	29	438	36	3	20480	1	4280
8.876	16985712	16985712	146419712	690	21	29	439	36	5	32768	1	4288
8.892	16985720	16985720	146419712	690	21	29	439	36	3	20480	1	4296
8.909	16985712	16985712	146419712	690	21	29	440	36	3	20480	1	4304
8.929	16989920	16989920	146419712	690	21	29	441	36	3	20480	1	4312
8.948	17002376	16994184	146419712	690	21	29	442	36	3	20480	1	4320
8.967	16985712	16985712	146419712	690	21	29	443	36	3	20480	1	4328
8.987	16985712	16985712	146419712	690	21	29	444	36	3	20480	1	4336
9.01	16986032	16986032	146419712	690	21	29	445	36	3	20480	1	4344
9.03	16985712	16985712	146419712	690	21	29	447	36	5	32768	1	4352
9.045	16985720	16985720	146419712	690	21	29	447	36	3	20480	1	4360
9.063	16985712	16985712	146419712	690	21	29	448	36	3	20480	1	4368
9.08	16985712	16985712	146419712	690	21	29	449	36	3	20480	1	4376
9.097	16985712	16985712	146419712	690	21	29	450	36	5	32768	1	4384
9.111	16985712	16985712	146419712	690	21	29	450	36	3	20480	1	4392
9.128	16985712	16985712	146419712	690	21	29	451	36	5	32768	1	4400
9.142	16985720	16985720	146419712	690	21	29	451	36	3	20480	1	4408
9.158	16985712	16985712	146419712	690	21	29	452	36	3	20480	1	4416
9.174	16985712	16985712	146419712	690	21	29	453	36	5	32768	1	4424
9.189	16985712	16985712	146419712	690	21	29	453	36	3	20480	1	4432
9.208	16985712	16985712	146419712	690	21	29	454	36	3	20480	1	4440
9.224	16985720	16985720	146419712	690	21	29	455	36	5	32768	1	4448
9.239	16985720	16985720	146419712	690	21	29	455	36	3	20480	1	4456
9.255	16985712	16985712	146419712	690	21	29	456	36	5	32768	1	4464
9.269	16985720	16985720	146419712	690	21	29	456	36	3	20480	1	4472
9.285	16985712	16985712	146419712	690	21	29	457	36	5	32768	1	4480
9.3	16985720	16985720	146419712	690	21	29	457	36	3	20480	1	4488
9.316	16985712	16985712	146419712	690	21	29	458	36	3	20480	1	4496
9.333	16985712	16985712	146419712	690	21	29	459	36	3	20480	1	4504
9.35	16985712	16985712	146419712	690	21	29	460	36	3	20480	1	4512
9.368	16985992	16985992	146419712	690	21	29	461	36	3	20480	1	4520
9.385	16985720	16985720	146419712	690	21	29	462	36	5	32768	1	4528
9.401	16985992	16985992	146419712	690	21	29	462	36	3	20480	1	4536
9.42	16985712	16985712	146419712	690	21	29	463	36	3	20480	1	4544
9.436	16985712	16985712	146419712	690	21	29	464	36	3	20480	1	4552
9.452	16985712	16985712	146419712	690	21	29	465	36	3	20480	1	4560
9.469	16985712	16985712	146419712	690	21	29	466	36	3	20480	1	4568
9.489	16985712	16985712	146419712	690	21	29	467	36	3	20480	1	4576
9.512	16986032	16986032	146419712	690	21	29	468	36	3	20480	1	4584
9.532	16985712	16985712	146419712	690	21	29	469	36	3	20480	1	4592
9.549	16985712	16985712	146419712	690	21	29	470	36	3	20480	1	4600
9.565	16985712	16985712	146419712	690	21	29	471	36	3	20480	1	4608
9.579	16985712	16985712	146419712	690	21	29	472	36	3	20480	1	4616
9.595	16985712	16985712	146419712	690	21	29	473	36	3	20480	1	4624
9.613	16985736	16985736	146419712	690	21	29	474	36	3	20480	1	4632
9.628	16985712	16985712	146419712	690	21	29	475	36	3	20480	1	4640
9.643	16985720	16985720	146419712	690	21	29	476	36	5	32768	1	4648
9.656	16985720	16985720	146419712	690	21	29	476	36	3	20480	1	4656
9.671	16985720	16985720	146419712	690	21	29	477	36	3	20480	1	4664
9.686	16985712	16985712	146419712	690	21	29	478	36	3	20480	1	4672
9.701	16985720	16985720	146419712	690	21	29	479	36	3	20480	1	4680
9.718	16985720	16985720	146419712	690	21	29	480	36	3	20480	1	4688
9.734	16985712	16985712	146419712	690	21	29	481	36	3	20480	1	4696
9.749	16985720	16985720	146419712	690	21	29	482	36	3	20480	1	4704
9.764	16985712	16985712	146419712	690	21	29	483	36	3	20480	1	4712
9.779	16985712	16985712	146419712	690	21	29	484	36	5	32768	1	4720
9.793	16985992	16985992	146419712	690	21	29	484	36	3	20480	1	4728
9.813	16990656	16990656	146419712	690	21	29	485	37	3	20480	1	4736
9.829	16985712	16985712	146419712	690	21	29	486	37	3	20480	1	4744
9.844	16985712	16985712	146419712	690	21	29	487	37	3	20480	1	4752
9.859	16985712	16985712	146419712	690	21	29	488	37	3	20480	1	4760
9.875	16985712	16985712	146419712	690	21	29	489	37	3	20480	1	4768
9.891	16985712	16985712	146419712	690	21	29	490	37	3	20480	1	4776
9.91	16985712	16985712	146419712	690	21	29	491	37	5	32768	1	4784
9.927	16985720	16985720	146419712	690	21	29	491	37	3	20480	1	4792
9.947	16986032	16986032	146419712	690	21	29	492	37	3	20480	1	4800
9.966	16985712	16985712	146419712	690	21	29	493	37	3	20480	1	4808
9.984	16985712	16985712	146419712	690	21	29	494	37	3	20480	1	4816
10.003	16993912	16985720	146419712	690	21	29	495	37	3	20480	1	4824
10.023	16989920	16989920	146419712	690	21	29	496	37	3	20480	1	4832
10.042	16986032	16986032	146419712	690	21	29	497	37	3	20480	1	4840
10.061	16985720	16985720	146419712	690	21	29	499	37	5	32768	1	4848
10.077	16985720	16985720	146419712	690	21	29	499	37	3	20480	1	4856
10.094	16985712	16985712	146419712	690	21	29	500	37	5	32768	1	4864
10.11	16985720	16985720	146419712	690	21	29	500	37	3	20480	1	4872
10.127	16985712	16985712	146419712	690	21	29	501	37	3	20480	1	4880
10.145	16985712	16985712	146419712	690	21	29	502	37	5	32768	1	4888
10.16	16985720	16985720	146419712	690	21	29	502	37	3	20480	1	4896
10.176	16985712	16985712	146419712	690	21	29	503	37	5	32768	1	4904
10.191	16985720	16985720	146419712	690	21	29	503	37	3	20480	1	4912
10.208	16985712	16985712	146419712	690	21	29	504	37	5	32768	1	4920
10.222	16985720	16985720	146419712	690	21	29	504	37	3	20480	1	4928
10.243	16985712	16985712	146419712	690	21	29	505	37	5	32768	1	4936
10.259	16986040	16986040	146419712	690	21	29	505	37	3	20480	1	4944
10.277	16985712	16985712	146419712	690	21	29	506	37	3	20480	1	4952
10.296	16985712	16985712	146419712	690	21	29	507	37	3	20480	1	4960
10.313	16985720	16985720	146419712	690	21	29	508	37	3	20480	1	4968
10.332	16985712	16985712	146419712	690	21	29	509	37	3	20480	1	4976
10.351	16985712	16985712	146419712	690	21	29	510	37	5	32768	1	4984
10.367	16985920	16985920	146419712	690	21	29	510	37	3	20480	1	4992
10.385	16985720	16985720	146419712	690	21	29	511	37	3	20480	1	5000
