# REQ-TST-009 soak samples. 5000 cycles requested (all), started 2026-07-30 07:55:22Z
elapsed_s	managed_b	collected_b	private_b	handles	gdi	user	frames_drawn	frames_dropped	pooled_buffers	pooled_b	traces	cycles
0.01	16924144	16924144	146956288	680	21	27	1	2	3	20480	1	0
0.623	17807232	17807232	173133824	687	22	27	37	4	1	8192	1	8
1.164	17773176	17773176	177709056	687	22	27	69	4	1	8192	1	16
1.71	17786336	17786336	176840704	687	22	27	101	4	1	8192	1	24
2.265	17784656	17784656	181788672	687	22	27	133	5	2	12288	1	32
2.844	17798752	17798752	179200000	687	22	27	166	6	2	16384	1	40
3.43	17777496	17777496	176623616	687	22	27	199	8	2	12288	1	48
4.012	17767544	17767544	174796800	687	22	27	230	11	3	20480	1	56
4.557	17786584	17786584	178241536	687	22	27	263	11	1	8192	1	64
5.127	17810400	17810400	172896256	687	22	27	296	11	2	12288	1	72
5.688	17784896	17784896	179093504	687	22	27	329	11	2	12288	1	80
6.234	17786648	17786648	177614848	687	22	27	362	11	1	8192	1	88
6.816	17786648	17786648	178749440	687	22	27	395	16	1	8192	1	96
7.391	17780704	17780704	176136192	687	22	27	429	17	2	12288	1	104
7.967	17786584	17786584	185303040	687	22	27	463	17	1	8192	1	112
8.533	17773424	17773424	184872960	687	22	27	497	17	1	8192	1	120
9.121	17818504	17818504	178581504	687	22	27	530	18	2	12288	1	128
9.686	17784808	17784808	173117440	687	22	27	564	18	2	12288	1	136
10.242	17755224	17755224	179433472	687	22	27	598	18	3	20480	1	144
10.829	17786608	17786608	185995264	687	22	27	632	19	1	8192	1	152
11.403	17786584	17786584	178597888	687	22	27	667	19	1	8192	1	160
12.009	17786584	17786584	178499584	687	22	27	701	20	1	8192	1	168
12.552	17784832	17784832	185110528	687	22	27	731	23	2	12288	1	176
13.124	17784832	17784832	181772288	687	22	27	763	23	2	12288	1	184
13.695	17786544	17786544	188563456	687	22	27	796	28	1	8192	1	192
14.281	17786584	17786584	181506048	687	22	27	831	28	1	8192	1	200
14.868	17785120	17785120	187740160	687	22	27	866	28	2	12288	1	208
15.407	17780664	17780664	183115776	687	22	27	897	29	2	12288	1	216
15.969	17797168	17797168	177623040	687	22	27	926	33	4	24576	1	224
16.54	17786264	17786264	184512512	687	22	27	959	33	2	12288	1	232
17.122	17759336	17759336	185921536	687	22	27	992	34	2	12288	1	240
17.65	17810336	17810336	170930176	687	22	27	1024	34	2	12288	1	248
18.214	17735600	17735600	183906304	687	22	27	1057	34	1	8192	1	256
18.755	17786648	17786648	190119936	687	22	27	1088	38	1	8192	1	264
19.348	17761080	17761080	184983552	687	22	27	1122	39	1	8192	1	272
19.933	17773424	17773424	178638848	687	22	27	1156	40	1	8192	1	280
20.513	17761080	17761080	189689856	687	22	27	1191	40	1	8192	1	288
21.088	17790432	17790432	186884096	687	22	27	1224	42	3	20480	1	296
21.689	17786584	17786584	183939072	687	22	27	1257	43	1	8192	1	304
22.262	17784832	17784832	178597888	687	22	27	1289	44	2	12288	1	312
22.854	17777544	17777544	177807360	687	22	27	1323	45	2	12288	1	320
23.409	17761040	17761040	186322944	687	22	27	1357	45	1	8192	1	328
23.955	17784896	17784896	186130432	687	22	27	1389	45	2	12288	1	336
24.484	17798992	17798992	190128128	687	22	27	1420	45	1	8192	1	344
25.072	17786328	17786328	184610816	687	22	27	1452	50	3	20480	1	352
25.621	17784896	17784896	191037440	687	22	27	1484	50	2	12288	1	360
26.211	17810336	17810336	174243840	687	22	27	1519	51	2	12288	1	368
26.767	17786544	17786544	179159040	687	22	27	1551	52	1	8192	1	376
27.355	17786544	17786544	182464512	687	22	27	1587	52	1	8192	1	384
27.953	17786544	17786544	180326400	687	22	27	1620	55	1	8192	1	392
28.51	17771856	17771856	182558720	687	22	27	1653	55	1	8192	1	400
29.08	17759392	17759392	188944384	689	22	27	1684	55	2	12288	1	408
29.639	17786648	17786648	182886400	687	22	27	1718	55	1	8192	1	416
30.219	17761096	17761096	186683392	687	22	27	1751	55	1	8192	1	424
30.75	17784848	17784848	184922112	687	22	27	1781	55	2	12288	1	432
31.305	17786560	17786560	183595008	687	22	27	1811	55	1	8192	1	440
31.892	17773440	17773440	177827840	687	22	27	1844	55	1	8192	1	448
32.501	17764944	17764944	178434048	687	22	27	1879	56	2	12288	1	456
33.053	17784784	17784784	178417664	687	22	27	1910	58	2	12288	1	464
33.613	17790384	17790384	179322880	687	22	27	1943	59	3	20480	1	472
34.197	17780656	17780656	178798592	687	22	27	1976	63	2	12288	1	480
34.737	17759280	17759280	184270848	687	22	27	2004	63	2	12288	1	488
35.294	17761104	17761104	183300096	687	22	27	2037	63	1	8192	1	496
35.829	17786568	17786568	186789888	689	22	28	2069	63	1	8192	1	504
36.364	17780688	17780688	190799872	689	22	28	2101	65	2	12288	1	512
36.893	17786568	17786568	182292480	689	22	28	2133	65	1	8192	1	520
37.438	17780624	17780624	191062016	689	22	28	2165	65	2	12288	1	528
37.986	17767160	17767160	178806784	689	22	28	2197	65	2	12288	1	536
38.559	17812072	17812072	178126848	689	22	28	2229	70	1	8192	1	544
39.103	17761000	17761000	184377344	689	22	28	2261	70	1	8192	1	552
39.637	17786504	17786504	192761856	689	22	28	2293	71	1	8192	1	560
40.197	17798888	17798888	188571648	689	22	28	2325	73	1	8192	1	568
40.745	17761520	17761520	185794560	689	22	28	2357	74	1	8192	1	576
41.312	17788840	17788840	188284928	689	22	28	2389	76	3	20480	1	584
41.839	17786504	17786504	181575680	689	22	28	2418	76	1	8192	1	592
42.365	17761104	17761104	178208768	689	22	28	2447	76	1	8192	1	600
42.891	17786608	17786608	178601984	689	22	28	2479	76	1	8192	1	608
43.457	17786544	17786544	181387264	689	22	28	2510	81	1	8192	1	616
44.085	17810296	17810296	178634752	689	22	28	2546	82	2	12288	1	624
44.65	17786544	17786544	180264960	689	22	28	2578	84	1	8192	1	632
45.178	17786544	17786544	185430016	689	22	28	2608	84	1	8192	1	640
45.708	17761040	17761040	183984128	689	22	28	2637	86	1	8192	1	648
46.243	17755120	17755120	185421824	689	22	28	2669	86	2	12288	1	656
46.769	17780712	17780712	176308224	689	22	28	2700	86	2	12288	1	664
47.347	17786568	17786568	179036160	689	22	28	2735	86	1	8192	1	672
47.891	17761104	17761104	186183680	689	22	28	2768	86	1	8192	1	680
48.423	17784856	17784856	185483264	689	22	28	2799	86	2	12288	1	688
48.993	17786608	17786608	180355072	689	22	28	2834	86	1	8192	1	696
49.543	17786656	17786656	181698560	689	22	28	2863	86	1	8192	1	704
50.167	17798928	17798928	178860032	689	22	28	2897	86	1	8192	1	712
50.696	17784832	17784832	179331072	689	22	28	2928	86	2	12288	1	720
51.22	17780664	17780664	188858368	689	22	28	2959	86	2	12288	1	728
51.783	17794776	17794776	177221632	689	22	28	2992	87	1	8192	1	736
52.301	17773384	17773384	183578624	689	22	28	3023	87	1	8192	1	744
52.832	17759288	17759288	185298944	689	22	28	3055	87	2	12288	1	752
53.443	17786608	17786608	187793408	689	22	28	3090	88	1	8192	1	760
54.013	17784792	17784792	171794432	689	22	28	3124	88	2	12288	1	768
54.542	17784792	17784792	189943808	689	22	28	3155	88	2	12288	1	776
55.11	17786568	17786568	186884096	689	22	28	3190	88	1	8192	1	784
55.645	17786568	17786568	187801600	689	22	28	3222	88	1	8192	1	792
56.251	17786544	17786544	181633024	689	22	28	3258	88	1	8192	1	800
56.786	17784832	17784832	182779904	689	22	28	3289	88	2	12288	1	808
57.346	17798928	17798928	182362112	689	22	28	3322	89	1	8192	1	816
57.92	17780664	17780664	186900480	689	22	28	3354	89	1	4096	1	824
58.497	17810200	17810200	188174336	689	22	28	3386	90	1	8192	1	832
59.214	17810200	17810200	185729024	685	22	28	3428	91	1	8192	1	840
59.795	17772448	17772448	176386048	685	22	28	3463	91	1	8192	1	848
60.371	17766352	17766352	184807424	685	22	28	3496	91	2	12288	1	856
60.911	17797736	17797736	190058496	685	22	28	3528	91	1	8192	1	864
61.49	17796024	17796024	184348672	687	22	29	3560	93	2	12288	1	872
62.095	17791792	17791792	188235776	687	22	29	3596	95	2	12288	1	880
62.661	17797672	17797672	179482624	687	22	29	3628	96	1	8192	1	888
63.259	17770456	17770456	179150848	687	22	29	3662	97	2	12288	1	896
63.822	17797712	17797712	186486784	687	22	29	3697	97	1	8192	1	904
64.396	17784592	17784592	188170240	687	22	29	3729	98	1	8192	1	912
64.93	17796000	17796000	188059648	687	22	29	3760	98	2	12288	1	920
65.531	17791792	17791792	179666944	687	22	29	3796	99	2	12288	1	928
66.076	17772168	17772168	173506560	685	22	29	3829	99	1	8192	1	936
66.611	17795912	17795912	189149184	685	22	29	3859	99	2	12288	1	944
67.187	17872488	17872488	179167232	685	22	29	3892	100	3	20480	1	952
67.738	17791856	17791856	185528320	685	22	29	3923	101	2	12288	1	960
68.292	17791744	17791744	190365696	685	22	29	3953	101	2	12288	1	968
68.842	17795912	17795912	191647744	685	22	29	3982	105	2	12288	1	976
69.43	17791744	17791744	180830208	685	22	29	4017	105	2	12288	1	984
69.975	17804128	17804128	193568768	687	22	30	4049	106	3	20480	1	992
70.543	17846920	17846920	181293056	687	22	30	4083	106	2	12288	1	1000
71.127	17809960	17809960	185769984	687	22	30	4117	108	3	20480	1	1008
71.725	17833752	17833752	176226304	687	22	30	4150	110	4	24576	1	1016
72.28	17766240	17766240	186519552	687	22	30	4181	110	3	20480	1	1024
72.803	17766240	17766240	181612544	687	22	30	4210	115	2	12288	1	1032
73.406	17797664	17797664	177971200	687	22	30	4246	116	1	8192	1	1040
73.946	17791744	17791744	183738368	687	22	30	4277	116	3	20480	1	1048
74.49	17797624	17797624	191602688	687	22	30	4310	116	1	8192	1	1056
75.049	17791784	17791784	187465728	687	22	30	4341	118	2	12288	1	1064
75.635	17795912	17795912	177348608	687	22	30	4376	118	1	4096	1	1072
76.214	17791784	17791784	187731968	687	22	30	4409	123	2	12288	1	1080
76.749	17795912	17795912	189902848	687	22	30	4440	123	2	12288	1	1088
77.358	17770408	17770408	186396672	687	22	30	4474	124	2	12288	1	1096
77.9	17795912	17795912	186380288	687	22	30	4507	124	2	12288	1	1104
78.474	17797728	17797728	184479744	687	22	30	4541	125	1	8192	1	1112
79.136	17784864	17784864	191143936	687	22	30	4574	127	1	8192	1	1120
79.745	17772120	17772120	177704960	687	22	30	4608	127	1	8192	1	1128
80.302	17807496	17807496	185942016	687	22	30	4640	127	2	12288	1	1136
80.875	17834712	17834712	179990528	687	22	30	4675	127	1	8192	1	1144
81.476	17801880	17801880	181776384	687	22	30	4708	129	1	8192	1	1152
82.039	17809184	17809184	178229248	687	22	30	4743	129	1	8192	1	1160
82.576	17803264	17803264	177926144	687	22	30	4768	131	3	20480	1	1168
83.111	17807432	17807432	191479808	687	22	30	4798	131	2	12288	1	1176
83.65	17803264	17803264	186490880	687	22	30	4829	131	2	12288	1	1184
84.199	17807432	17807432	189476864	687	22	30	4861	132	2	12288	1	1192
84.77	17807432	17807432	190799872	687	22	30	4895	132	2	12288	1	1200
85.318	17807496	17807496	186449920	687	22	30	4928	133	3	20480	1	1208
85.87	17803368	17803368	189374464	687	22	30	4960	133	2	12288	1	1216
86.452	17819768	17819768	185532416	687	22	30	4991	134	4	24576	1	1224
86.999	17787528	17787528	187150336	687	22	30	5022	134	2	12288	1	1232
87.543	17783680	17783680	187850752	687	22	30	5052	134	1	8192	1	1240
88.067	17783424	17783424	185171968	687	22	30	5078	134	2	12288	1	1248
88.652	17819832	17819832	188997632	687	22	30	5109	140	4	24576	1	1256
89.184	17807432	17807432	187748352	687	22	30	5141	140	2	12288	1	1264
89.733	17809144	17809144	189087744	687	22	30	5173	140	1	8192	1	1272
90.316	17821592	17821592	187252736	687	22	30	5208	140	1	8192	1	1280
90.887	17807496	17807496	191709184	687	22	30	5241	142	3	20480	1	1288
91.492	17809144	17809144	187191296	687	22	30	5274	144	1	8192	1	1296
92.017	17807432	17807432	188915712	687	22	30	5303	144	2	12288	1	1304
92.602	17809144	17809144	186269696	687	22	30	5335	147	1	8192	1	1312
93.142	17809184	17809184	192282624	687	22	30	5368	147	1	8192	1	1320
93.737	17821528	17821528	189431808	687	22	30	5403	147	1	8192	1	1328
94.285	17807496	17807496	183001088	687	22	30	5435	147	2	12288	1	1336
94.853	17777824	17777824	186290176	687	22	30	5468	147	2	12288	1	1344
95.387	17781992	17781992	186572800	687	22	30	5500	147	2	12288	1	1352
95.958	17803368	17803368	189358080	687	22	30	5535	147	3	20480	1	1360
96.545	17807528	17807528	184176640	687	22	30	5568	148	2	12288	1	1368
97.122	17803264	17803264	191602688	687	22	30	5602	149	3	20480	1	1376
97.672	17796024	17796024	185061376	687	22	30	5631	152	1	8192	1	1384
98.247	17803264	17803264	190963712	687	22	30	5664	153	2	12288	1	1392
98.842	17817680	17817680	186560512	687	22	30	5697	154	1	8192	1	1400
99.407	17809184	17809184	187031552	687	22	30	5731	154	1	8192	1	1408
99.959	17809144	17809144	184713216	687	22	30	5763	155	1	8192	1	1416
100.486	17809144	17809144	184500224	687	22	30	5794	155	1	8192	1	1424
101.108	17872536	17872536	190902272	687	22	30	5830	157	2	16384	1	1432
101.689	17808864	17808864	178532352	687	22	30	5864	157	2	12288	1	1440
102.229	17763936	17763936	185577472	687	22	30	5896	157	1	8192	1	1448
102.794	17803272	17803272	185430016	687	22	30	5929	157	3	20480	1	1456
103.375	17782496	17782496	181473280	687	22	30	5961	161	2	12288	1	1464
103.971	17781936	17781936	178225152	687	22	30	5996	161	2	12288	1	1472
104.583	17783640	17783640	186462208	688	22	30	6030	162	1	8192	1	1480
105.194	17809200	17809200	188493824	688	22	30	6067	162	1	8192	1	1488
105.786	17821584	17821584	180297728	688	22	30	6099	165	1	8192	1	1496
106.406	17809144	17809144	178823168	688	22	30	6135	166	1	8192	1	1504
106.972	17783680	17783680	177786880	688	22	30	6169	166	1	8192	1	1512
107.522	17809184	17809184	193171456	688	22	30	6199	166	1	8192	1	1520
108.09	17834432	17834432	179277824	688	22	30	6230	166	2	12288	1	1528
108.662	17809208	17809208	188379136	688	22	30	6261	167	1	8192	1	1536
109.194	17815600	17815600	177930240	688	22	30	6292	170	4	24576	1	1544
109.748	17809184	17809184	185602048	688	22	30	6325	170	1	8192	1	1552
110.349	17807432	17807432	177520640	688	22	30	6360	171	2	12288	1	1560
110.902	17783360	17783360	186920960	688	22	30	6390	172	2	12288	1	1568
111.469	17807504	17807504	189390848	688	22	30	6422	173	3	20480	1	1576
112.115	17809144	17809144	188104704	688	22	30	6457	176	1	8192	1	1584
112.714	17781928	17781928	186048512	688	22	30	6491	177	2	12288	1	1592
113.487	17803264	17803264	189792256	688	22	30	6535	177	2	12288	1	1600
114.204	17803264	17803264	190337024	688	22	30	6576	180	2	12288	1	1608
114.769	17803264	17803264	184844288	688	22	30	6610	180	2	12288	1	1616
115.35	17808864	17808864	179011584	688	22	30	6644	181	2	12288	1	1624
115.877	17809144	17809144	184688640	688	22	30	6675	181	1	8192	1	1632
116.427	17783704	17783704	188030976	690	22	31	6708	181	1	8192	1	1640
116.968	17809208	17809208	185364480	690	22	31	6739	181	1	8192	1	1648
117.485	17803328	17803328	195338240	690	22	31	6769	185	2	12288	1	1656
118.013	17809144	17809144	184852480	690	22	31	6801	185	1	8192	1	1664
118.555	17777760	17777760	180264960	690	22	31	6832	189	3	20480	1	1672
119.106	17819768	17819768	179286016	690	22	31	6863	190	4	24576	1	1680
119.666	17809144	17809144	177467392	690	22	31	6897	190	1	8192	1	1688
120.214	17807432	17807432	184733696	690	22	31	6928	190	2	12288	1	1696
120.767	17809184	17809184	187645952	690	22	31	6961	190	1	8192	1	1704
121.312	17828832	17828832	176136192	690	22	31	6994	190	2	12288	1	1712
121.878	17809248	17809248	184791040	688	22	31	7027	190	1	8192	1	1720
122.42	17807384	17807384	192262144	688	22	31	7058	191	2	12288	1	1728
122.944	17777712	17777712	187240448	688	22	31	7089	195	2	12288	1	1736
123.477	17807672	17807672	187752448	688	22	31	7120	195	2	12288	1	1744
124.04	17807384	17807384	184827904	688	22	31	7152	196	2	12288	1	1752
124.6	17777712	17777712	179081216	688	22	31	7186	196	2	12288	1	1760
125.139	17781920	17781920	186191872	688	22	31	7216	196	2	12288	1	1768
125.679	17803256	17803256	177676288	688	22	31	7248	196	2	12288	1	1776
126.221	17809176	17809176	188452864	688	22	31	7281	196	1	8192	1	1784
126.77	17808856	17808856	186998784	688	22	31	7313	196	2	12288	1	1792
127.327	17809096	17809096	187924480	688	22	31	7346	197	1	8192	1	1800
127.88	17821480	17821480	190304256	688	22	31	7379	197	1	8192	1	1808
128.425	17808880	17808880	192151552	688	22	31	7411	197	2	12288	1	1816
129.013	17807384	17807384	190271488	688	22	31	7444	198	2	12288	1	1824
129.581	17781880	17781880	184614912	688	22	31	7475	199	2	12288	1	1832
130.138	17803216	17803216	186564608	688	22	31	7507	199	2	12288	1	1840
130.682	17803216	17803216	181911552	688	22	31	7539	199	2	12288	1	1848
131.197	17803280	17803280	184963072	688	22	31	7569	199	2	12288	1	1856
131.753	17821544	17821544	182771712	688	22	31	7599	203	1	8192	1	1864
132.326	17787480	17787480	183939072	688	22	31	7631	203	2	12288	1	1872
132.898	17809096	17809096	178929664	688	22	31	7665	205	1	8192	1	1880
133.42	17764176	17764176	193187840	684	22	30	7696	205	2	12288	1	1888
133.987	17808872	17808872	186580992	684	22	30	7729	206	1	8192	1	1896
134.515	17808872	17808872	189325312	684	22	30	7761	206	1	8192	1	1904
135.073	17808880	17808880	188899328	684	22	30	7794	211	1	8192	1	1912
135.589	17808920	17808920	184381440	684	22	30	7825	211	1	8192	1	1920
136.176	17807200	17807200	193085440	684	22	30	7856	211	2	12288	1	1928
136.716	17781696	17781696	177483776	684	22	30	7888	211	2	12288	1	1936
137.293	17808888	17808888	185782272	684	22	30	7923	211	1	8192	1	1944
137.836	17808952	17808952	185135104	684	22	30	7954	211	1	8192	1	1952
138.399	17803032	17803032	187109376	684	22	30	7988	211	2	12288	1	1960
138.974	17808912	17808912	187301888	684	22	30	8023	211	1	8192	1	1968
139.569	17821296	17821296	185610240	684	22	30	8057	212	1	8192	1	1976
140.108	17783376	17783376	185073664	684	22	30	8089	218	1	8192	1	1984
140.647	17811192	17811192	186683392	684	22	30	8121	218	2	12288	1	1992
141.223	17808912	17808912	185241600	684	22	30	8154	220	1	8192	1	2000
141.754	17808872	17808872	173207552	684	22	30	8185	220	1	8192	1	2008
142.328	17808912	17808912	186101760	684	22	30	8220	220	1	8192	1	2016
142.881	17821256	17821256	181022720	684	22	30	8253	220	1	8192	1	2024
143.465	17803096	17803096	179757056	684	22	30	8284	222	3	20480	1	2032
144.08	17815328	17815328	185569280	684	22	30	8319	225	4	24576	1	2040
144.687	17808912	17808912	191201280	684	22	30	8355	226	1	8192	1	2048
145.248	17808920	17808920	189902848	684	22	30	8388	226	1	8192	1	2056
145.798	17795744	17795744	187228160	684	22	30	8419	232	2	12288	1	2064
146.41	17807160	17807160	185925632	684	22	30	8455	232	2	12288	1	2072
146.943	17808912	17808912	186621952	684	22	30	8485	232	1	8192	1	2080
147.561	17781720	17781720	184623104	684	22	30	8518	232	2	12288	1	2088
148.106	17807224	17807224	188317696	684	22	30	8550	232	2	12288	1	2096
148.645	17821288	17821288	182812672	684	22	30	8582	235	2	12288	1	2104
149.187	17808912	17808912	179277824	684	22	30	8615	235	1	8192	1	2112
149.724	17812760	17812760	186646528	684	22	30	8644	236	2	12288	1	2120
150.297	17821256	17821256	180170752	684	22	30	8679	236	1	8192	1	2128
150.849	17808872	17808872	188436480	684	22	30	8712	236	1	8192	1	2136
151.4	17808912	17808912	179814400	684	22	30	8744	240	1	8192	1	2144
151.955	17803056	17803056	183910400	684	22	30	8776	241	2	12288	1	2152
152.526	17808872	17808872	176783360	684	22	30	8810	242	1	8192	1	2160
153.062	17777496	17777496	188059648	684	22	30	8842	242	2	12288	1	2168
153.595	17807160	17807160	178024448	684	22	30	8870	246	2	12288	1	2176
154.157	17808912	17808912	188203008	684	22	30	8903	247	1	8192	1	2184
154.684	17821256	17821256	191045632	684	22	30	8933	251	1	8192	1	2192
155.275	17812760	17812760	186806272	684	22	30	8966	253	2	12288	1	2200
155.817	17819496	17819496	190111744	684	22	30	8997	256	4	24576	1	2208
156.359	17783368	17783368	183959552	684	22	30	9030	256	1	8192	1	2216
156.879	17807160	17807160	184856576	684	22	30	9060	256	2	12288	1	2224
157.424	17807576	17807576	191967232	684	22	30	9091	256	2	12288	1	2232
157.971	17783472	17783472	185823232	684	22	30	9124	256	1	8192	1	2240
158.514	17883736	17883736	177258496	684	22	30	9154	257	3	20480	1	2248
159.051	17808872	17808872	187027456	684	22	30	9186	257	1	8192	1	2256
159.611	17816936	17816936	177090560	684	22	30	9219	261	3	20480	1	2264
160.174	17807168	17807168	186290176	684	22	30	9251	265	2	12288	1	2272
160.735	17812768	17812768	184561664	684	22	30	9282	266	2	12288	1	2280
161.288	17781656	17781656	184320000	684	22	30	9313	267	3	20480	1	2288
161.854	17821256	17821256	191905792	684	22	30	9347	267	1	8192	1	2296
162.475	17821256	17821256	179417088	684	22	30	9384	267	1	8192	1	2304
163.074	17821256	17821256	192208896	684	22	30	9417	268	1	8192	1	2312
163.692	17783088	17783088	187166720	684	22	30	9454	268	2	12288	1	2320
164.275	17807200	17807200	184651776	684	22	30	9488	269	3	20480	1	2328
164.849	17783448	17783448	186757120	684	22	30	9520	273	1	8192	1	2336
165.429	17817128	17817128	184905728	684	22	30	9552	274	1	8192	1	2344
165.986	17805912	17805912	190885888	684	22	30	9581	274	1	8192	1	2352
166.564	17803032	17803032	186331136	684	22	30	9612	276	3	20480	1	2360
167.158	17770728	17770728	179511296	684	22	30	9646	277	2	12288	1	2368
167.913	17821256	17821256	192024576	684	22	30	9690	277	1	8192	1	2376
168.635	17808936	17808936	186474496	684	22	30	9732	277	1	8192	1	2384
169.221	17781664	17781664	184442880	684	22	30	9765	281	2	12288	1	2392
169.762	17808920	17808920	177065984	684	22	30	9798	281	1	8192	1	2400
170.366	17821312	17821312	185090048	684	22	30	9834	282	3	20480	1	2408
170.891	17812824	17812824	188583936	684	22	30	9864	282	2	12288	1	2416
171.453	17807160	17807160	185671680	684	22	30	9898	282	2	12288	1	2424
171.994	17802992	17802992	187768832	684	22	30	9929	283	3	20480	1	2432
172.541	17808912	17808912	190263296	684	22	30	9962	283	1	8192	1	2440
173.091	17808936	17808936	187543552	684	22	30	9995	283	1	8192	1	2448
173.624	17821360	17821360	185380864	684	22	30	10024	283	1	8192	1	2456
174.186	17821320	17821320	184893440	684	22	30	10055	283	1	8192	1	2464
174.736	17803096	17803096	177881088	684	22	30	10088	284	3	20480	1	2472
175.272	17821256	17821256	186183680	684	22	30	10119	284	1	8192	1	2480
175.795	17783408	17783408	178438144	684	22	30	10151	284	1	8192	1	2488
176.359	17808976	17808976	182878208	684	22	30	10185	284	1	8192	1	2496
176.909	17808976	17808976	169562112	684	22	30	10217	285	1	8192	1	2504
177.452	17802992	17802992	190152704	684	22	30	10249	285	2	12288	1	2512
178.014	17783344	17783344	183402496	684	22	30	10281	287	1	8192	1	2520
178.581	17781656	17781656	185823232	684	22	30	10314	288	2	12288	1	2528
179.104	17802992	17802992	186179584	684	22	30	10343	288	2	12288	1	2536
179.663	17808872	17808872	187076608	684	22	30	10374	290	1	8192	1	2544
180.203	17807160	17807160	186773504	684	22	30	10405	291	2	12288	1	2552
180.755	17808912	17808912	191483904	684	22	30	10436	292	1	8192	1	2560
181.287	17807160	17807160	186810368	684	22	30	10468	292	2	12288	1	2568
181.821	17782080	17782080	182505472	684	22	30	10500	292	2	12288	1	2576
182.351	17803056	17803056	187789312	684	22	30	10531	292	2	12288	1	2584
182.895	17808976	17808976	187367424	684	22	30	10559	293	1	8192	1	2592
183.455	17777768	17777768	184766464	684	22	30	10590	294	2	12288	1	2600
183.993	17812760	17812760	182616064	684	22	30	10622	294	2	12288	1	2608
184.537	17803032	17803032	185925632	684	22	30	10653	296	2	12288	1	2616
185.06	17808872	17808872	177209344	684	22	30	10682	296	1	8192	1	2624
185.589	17802992	17802992	187482112	684	22	30	10713	301	3	20480	1	2632
186.125	17783408	17783408	181387264	684	22	30	10744	301	1	8192	1	2640
186.674	17808912	17808912	187969536	684	22	30	10776	303	1	8192	1	2648
187.221	17803032	17803032	179658752	684	22	30	10808	303	2	12288	1	2656
187.765	17808848	17808848	182808576	684	22	30	10841	303	1	8192	1	2664
188.305	17807144	17807144	184512512	684	22	30	10871	308	2	12288	1	2672
188.832	17807168	17807168	188796928	684	22	30	10903	309	2	12288	1	2680
189.387	17821208	17821208	182009856	684	22	30	10935	310	2	12288	1	2688
189.947	17783368	17783368	182091776	684	22	30	10966	310	1	8192	1	2696
190.494	17777488	17777488	181469184	684	22	30	10998	310	2	12288	1	2704
191.004	17809800	17809800	186937344	684	22	30	11029	310	1	8192	1	2712
191.54	17821320	17821320	174931968	684	22	30	11059	311	1	8192	1	2720
192.067	17807160	17807160	188256256	684	22	30	11091	311	2	12288	1	2728
192.634	17802992	17802992	186425344	684	22	30	11124	314	2	12288	1	2736
193.18	17802992	17802992	184864768	684	22	30	11157	314	2	12288	1	2744
193.753	17808912	17808912	189079552	684	22	30	11192	314	1	8192	1	2752
194.29	17819560	17819560	188317696	684	22	30	11222	318	4	24576	1	2760
194.848	17765256	17765256	185761792	684	22	30	11255	319	1	8192	1	2768
195.368	17782224	17782224	187981824	684	22	30	11285	320	2	12288	1	2776
195.898	17802992	17802992	186093568	684	22	30	11317	320	3	20480	1	2784
196.455	17819560	17819560	185356288	684	22	30	11348	321	4	24576	1	2792
196.988	17803096	17803096	180686848	684	22	30	11380	321	2	12288	1	2800
197.566	17808592	17808592	186056704	684	22	30	11414	321	2	12288	1	2808
198.114	17808992	17808992	185991168	684	22	30	11447	321	1	8192	1	2816
198.68	17808992	17808992	175226880	684	22	30	11481	321	1	8192	1	2824
199.281	17821208	17821208	187240448	684	22	30	11515	323	2	12288	1	2832
199.828	17778440	17778440	178913280	684	22	30	11548	323	1	8192	1	2840
200.368	17781720	17781720	184143872	682	22	29	11579	323	2	12288	1	2848
200.944	17808888	17808888	185839616	682	22	29	11612	324	1	8192	1	2856
201.497	17807168	17807168	188063744	682	22	29	11644	324	2	12288	1	2864
202.081	17808864	17808864	178262016	682	22	29	11678	325	1	8192	1	2872
202.614	17781608	17781608	185778176	682	22	29	11710	325	2	12288	1	2880
203.142	17785720	17785720	172470272	682	22	29	11741	326	4	28672	1	2888
203.712	17821224	17821224	191893504	682	22	29	11773	327	2	12288	1	2896
204.27	17812712	17812712	184844288	682	22	29	11804	330	2	12288	1	2904
204.832	17834328	17834328	177983488	682	22	29	11836	333	1	8192	1	2912
205.423	17783360	17783360	177049600	682	22	29	11872	333	1	8192	1	2920
205.945	17802944	17802944	185769984	682	22	29	11903	333	3	20480	1	2928
206.5	17808888	17808888	184033280	682	22	29	11935	333	1	8192	1	2936
207.032	17781720	17781720	184905728	682	22	29	11967	333	2	12288	1	2944
207.583	17808976	17808976	186544128	682	22	29	11999	333	1	8192	1	2952
208.109	17808912	17808912	181714944	682	22	29	12028	334	1	8192	1	2960
208.65	17821256	17821256	186396672	682	22	29	12060	334	1	8192	1	2968
209.192	17808936	17808936	179101696	682	22	29	12093	334	1	8192	1	2976
209.741	17807200	17807200	189345792	682	22	29	12124	334	2	12288	1	2984
210.287	17821296	17821296	184729600	682	22	29	12157	334	1	8192	1	2992
210.879	17803032	17803032	189714432	682	22	29	12193	334	2	12288	1	3000
211.419	17808952	17808952	190554112	682	22	29	12226	334	1	8192	1	3008
212.022	17821296	17821296	186990592	682	22	29	12261	334	1	8192	1	3016
212.615	17807200	17807200	184324096	682	22	29	12297	334	2	12288	1	3024
213.202	17803032	17803032	185987072	682	22	29	12332	334	2	12288	1	3032
213.809	17821296	17821296	185675776	682	22	29	12368	335	2	16384	1	3040
214.435	17808872	17808872	186642432	682	22	29	12404	336	1	8192	1	3048
215.032	17808872	17808872	184745984	682	22	29	12440	336	1	8192	1	3056
215.617	17803032	17803032	188682240	682	22	29	12474	337	2	12288	1	3064
216.195	17808872	17808872	187408384	682	22	29	12507	337	1	8192	1	3072
216.75	17803032	17803032	186957824	682	22	29	12540	337	2	12288	1	3080
217.325	17794056	17794056	184328192	682	22	29	12573	341	4	24576	1	3088
217.886	17808936	17808936	187666432	682	22	29	12608	345	1	8192	1	3096
218.416	17808848	17808848	188997632	684	22	30	12639	345	1	8192	1	3104
218.993	17808912	17808912	181346304	684	22	30	12671	346	1	8192	1	3112
219.544	17790392	17790392	183615488	684	22	30	12701	348	3	20480	1	3120
220.118	17808872	17808872	179191808	684	22	30	12735	348	1	8192	1	3128
220.676	17808912	17808912	185020416	684	22	30	12769	348	1	8192	1	3136
221.217	17810168	17810168	188497920	684	22	30	12801	348	2	12288	1	3144
221.743	17803056	17803056	184193024	684	22	30	12832	348	2	12288	1	3152
222.253	17808936	17808936	179625984	684	22	30	12862	348	1	8192	1	3160
222.812	17808936	17808936	190164992	684	22	30	12895	349	1	8192	1	3168
223.34	17802992	17802992	177627136	684	22	30	12926	349	2	12288	1	3176
223.879	17808872	17808872	189218816	684	22	30	12958	349	1	8192	1	3184
224.518	17808936	17808936	185745408	684	22	30	12994	351	1	8192	1	3192
225.095	17791632	17791632	186400768	684	22	30	13028	356	1	8192	1	3200
225.659	17821264	17821264	187072512	684	22	30	13061	356	1	8192	1	3208
226.219	17808872	17808872	186277888	684	22	30	13094	357	1	8192	1	3216
226.766	17808872	17808872	185085952	684	22	30	13127	357	1	8192	1	3224
227.323	17808872	17808872	186855424	684	22	30	13159	358	1	8192	1	3232
227.897	17808912	17808912	183885824	684	22	30	13192	359	1	8192	1	3240
228.426	17808912	17808912	176054272	684	22	30	13224	359	1	8192	1	3248
229.037	17832664	17832664	178094080	684	22	30	13260	359	2	12288	1	3256
229.578	17803056	17803056	189423616	684	22	30	13292	360	2	12288	1	3264
230.116	17808912	17808912	186785792	684	22	30	13324	360	1	8192	1	3272
230.639	17823544	17807160	183492608	684	22	30	13353	360	2	12288	1	3280
231.18	17808936	17808936	186724352	684	22	30	13385	360	1	8192	1	3288
231.74	17808976	17808976	187310080	684	22	30	13418	361	1	8192	1	3296
232.277	17807160	17807160	182079488	684	22	30	13449	361	2	12288	1	3304
232.83	17808872	17808872	176459776	684	22	30	13481	365	1	8192	1	3312
233.407	17821256	17821256	184238080	684	22	30	13514	366	1	8192	1	3320
233.961	17808912	17808912	187990016	684	22	30	13547	369	1	8192	1	3328
234.528	17783368	17783368	185118720	684	22	30	13578	370	1	8192	1	3336
235.083	17803032	17803032	184713216	684	22	30	13608	371	2	12288	1	3344
235.646	17808912	17808912	186826752	684	22	30	13641	372	1	8192	1	3352
236.179	17803312	17803312	183607296	684	22	30	13673	372	2	12288	1	3360
236.723	17808592	17808592	176750592	684	22	30	13705	372	2	12288	1	3368
237.257	17807200	17807200	185606144	684	22	30	13736	372	2	12288	1	3376
237.794	17816976	17816976	180637696	684	22	30	13768	378	3	20480	1	3384
238.332	17832672	17832672	176914432	684	22	30	13800	378	2	12288	1	3392
238.934	17808880	17808880	182071296	684	22	30	13834	379	1	8192	1	3400
239.466	17807160	17807160	187064320	684	22	30	13863	379	2	12288	1	3408
240.005	17808872	17808872	179609600	684	22	30	13895	379	1	8192	1	3416
240.544	17803056	17803056	181821440	684	22	30	13928	379	2	12288	1	3424
241.106	17781696	17781696	179634176	684	22	30	13961	380	3	20480	1	3432
241.65	17762608	17762608	186896384	684	22	30	13991	380	1	8192	1	3440
242.246	17808872	17808872	178966528	684	22	30	14026	380	1	8192	1	3448
242.779	17802992	17802992	187297792	684	22	30	14057	380	3	20480	1	3456
243.305	17807224	17807224	184631296	684	22	30	14088	380	2	12288	1	3464
243.845	17808936	17808936	185499648	684	22	30	14120	381	1	8192	1	3472
244.39	17757864	17757864	188387328	684	22	30	14153	381	1	8192	1	3480
244.958	17808872	17808872	187371520	684	22	30	14187	381	1	8192	1	3488
245.53	17783472	17783472	185548800	684	22	30	14221	381	1	8192	1	3496
246.098	17803056	17803056	178315264	684	22	30	14255	381	2	12288	1	3504
246.667	17808976	17808976	181964800	684	22	30	14288	382	1	8192	1	3512
247.209	17808912	17808912	187355136	684	22	30	14318	382	1	8192	1	3520
247.735	17808872	17808872	186798080	684	22	30	14350	382	1	8192	1	3528
248.331	17808848	17808848	178159616	684	22	30	14384	383	1	8192	1	3536
248.951	17807160	17807160	185004032	684	22	30	14420	385	3	20480	1	3544
249.517	17828496	17828496	176078848	684	22	30	14453	385	2	12288	1	3552
250.11	17783368	17783368	183005184	684	22	30	14488	386	1	8192	1	3560
250.662	17807160	17807160	181534720	684	22	30	14520	386	2	12288	1	3568
251.263	17808960	17808960	187691008	684	22	30	14553	387	1	8192	1	3576
251.831	17808912	17808912	191791104	684	22	30	14583	388	1	8192	1	3584
252.398	17845784	17837592	186953728	684	22	30	14617	389	2	12288	1	3592
252.998	17858904	17858904	185688064	684	22	30	14651	390	2	12288	1	3600
253.598	17808912	17808912	188866560	684	22	30	14687	390	1	8192	1	3608
254.183	17781720	17781720	185352192	684	22	30	14721	390	2	12288	1	3616
254.848	17817192	17817192	174211072	684	22	30	14760	391	1	8192	1	3624
255.45	17807160	17807160	187047936	684	22	30	14796	391	2	12288	1	3632
256.014	17802992	17802992	186068992	684	22	30	14830	391	2	12288	1	3640
256.686	17807200	17807200	191639552	684	22	30	14870	391	2	12288	1	3648
257.271	17781696	17781696	181059584	684	22	30	14905	391	2	12288	1	3656
257.843	17808952	17808952	187916288	684	22	30	14937	391	1	8192	1	3664
258.45	17812800	17812800	187072512	684	22	30	14972	392	3	20480	1	3672
258.98	17808912	17808912	181264384	684	22	30	15004	392	1	8192	1	3680
259.533	17807160	17807160	191066112	684	22	30	15036	392	2	12288	1	3688
260.076	17807160	17807160	192053248	684	22	30	15066	393	2	12288	1	3696
260.601	17802992	17802992	187150336	684	22	30	15098	393	2	12288	1	3704
261.129	17808936	17808936	190189568	684	22	30	15130	393	1	8192	1	3712
261.67	17807224	17807224	182923264	684	22	30	15162	393	2	12288	1	3720
262.236	17808936	17808936	185483264	684	22	30	15196	393	1	8192	1	3728
262.773	17781792	17781792	186183680	684	22	30	15228	393	2	12288	1	3736
263.336	17783408	17783408	178475008	684	22	30	15261	398	2	16384	1	3744
263.901	17783648	17783648	182071296	684	22	30	15291	399	1	8192	1	3752
264.459	17808872	17808872	182878208	684	22	30	15322	400	1	8192	1	3760
265.037	17819496	17819496	184614912	684	22	30	15354	406	4	24576	1	3768
265.582	17807168	17807168	179949568	684	22	30	15387	406	2	12288	1	3776
266.121	17803032	17803032	186114048	684	22	30	15418	408	2	12288	1	3784
266.667	17802992	17802992	186019840	684	22	30	15450	408	2	12288	1	3792
267.196	17807224	17807224	186662912	684	22	30	15481	408	2	12288	1	3800
267.754	17808936	17808936	190140416	684	22	30	15513	409	1	8192	1	3808
268.297	17802672	17802672	188694528	684	22	30	15546	409	1	8192	1	3816
268.893	17808880	17808880	185241600	684	22	30	15581	410	1	8192	1	3824
269.459	17807160	17807160	187936768	684	22	30	15613	411	2	12288	1	3832
269.998	17808872	17808872	185159680	684	22	30	15645	412	1	8192	1	3840
270.587	17808912	17808912	188604416	684	22	30	15681	412	1	8192	1	3848
271.166	17808976	17808976	185470976	684	22	30	15715	412	1	8192	1	3856
271.705	17781720	17781720	180711424	684	22	30	15746	412	2	12288	1	3864
272.273	17808872	17808872	182923264	684	22	30	15778	414	1	8192	1	3872
272.83	17807160	17807160	176566272	684	22	30	15809	415	2	12288	1	3880
273.377	17811184	17811184	183488512	684	22	30	15842	415	2	12288	1	3888
273.932	17807160	17807160	175247360	684	22	30	15873	416	2	12288	1	3896
274.521	17821256	17821256	187731968	684	22	30	15906	423	1	8192	1	3904
275.115	17803032	17803032	190980096	684	22	30	15941	424	2	12288	1	3912
275.679	17807160	17807160	186163200	684	22	30	15971	424	2	12288	1	3920
276.246	17803056	17803056	184061952	684	22	30	16004	424	3	20480	1	3928
276.823	17808936	17808936	185012224	684	22	30	16036	424	1	8192	1	3936
277.43	17808936	17808936	183865344	684	22	30	16072	424	1	8192	1	3944
277.994	17808936	17808936	190058496	684	22	30	16105	425	1	8192	1	3952
278.534	17811248	17811248	185012224	684	22	30	16136	429	4	28672	1	3960
279.059	17807160	17807160	192004096	684	22	30	16166	429	2	12288	1	3968
279.599	17833488	17833488	186425344	684	22	30	16198	432	1	8192	1	3976
280.149	17807160	17807160	181227520	684	22	30	16230	433	2	12288	1	3984
280.671	17808592	17808592	185212928	684	22	30	16261	433	2	12288	1	3992
281.299	17774952	17774952	180051968	684	22	30	16297	435	1	8192	1	4000
281.838	17783408	17783408	185081856	684	22	30	16330	435	1	8192	1	4008
282.414	17803096	17803096	172986368	684	22	30	16363	435	2	12288	1	4016
282.961	17807224	17807224	186351616	684	22	30	16395	436	2	12288	1	4024
283.538	17795744	17795744	179245056	684	22	30	16427	441	2	12288	1	4032
284.1	17778352	17778352	188145664	684	22	30	16459	442	2	12288	1	4040
284.621	17781816	17781816	179032064	684	22	30	16490	442	2	12288	1	4048
285.137	17808976	17808976	185090048	684	22	30	16521	442	1	8192	1	4056
285.715	17808936	17808936	180232192	684	22	30	16554	447	1	8192	1	4064
286.245	17808912	17808912	184139776	684	22	30	16585	447	1	8192	1	4072
286.821	17802992	17802992	186269696	684	22	30	16616	448	2	12288	1	4080
287.396	17803032	17803032	190074880	684	22	30	16650	449	2	12288	1	4088
287.988	17846760	17846760	176984064	684	22	30	16684	450	1	8192	1	4096
288.591	17808872	17808872	183914496	684	22	30	16721	450	1	8192	1	4104
289.135	17808936	17808936	187494400	684	22	30	16752	450	1	8192	1	4112
289.692	17808976	17808976	177885184	684	22	30	16785	450	1	8192	1	4120
290.273	17777552	17777552	187449344	684	22	30	16819	450	2	12288	1	4128
290.827	17807200	17807200	181108736	684	22	30	16850	451	2	12288	1	4136
291.38	17807472	17807472	186925056	684	22	30	16883	451	1	8192	1	4144
291.925	17808872	17808872	174387200	684	22	30	16916	453	1	8192	1	4152
292.475	17783408	17783408	184647680	684	22	30	16948	454	1	8192	1	4160
293.103	17807160	17807160	176017408	684	22	30	16984	455	3	20480	1	4168
293.68	17807160	17807160	186773504	684	22	30	17017	455	2	12288	1	4176
294.243	17783408	17783408	184807424	684	22	30	17050	456	1	8192	1	4184
294.815	17861112	17861112	183816192	684	22	30	17083	456	2	12288	1	4192
295.389	17802992	17802992	177938432	684	22	30	17115	463	3	20480	1	4200
295.991	17803032	17803032	184872960	684	22	30	17149	463	2	12288	1	4208
296.586	17821208	17821208	185737216	684	22	30	17180	471	2	12288	1	4216
297.147	17795744	17795744	190439424	684	22	30	17212	472	2	12288	1	4224
297.722	17808592	17808592	184868864	684	22	30	17244	473	3	20480	1	4232
298.263	17783408	17783408	182190080	684	22	30	17276	473	1	8192	1	4240
298.835	17828536	17828536	187559936	684	22	30	17308	473	2	12288	1	4248
299.425	17821320	17821320	176119808	684	22	30	17342	473	1	8192	1	4256
300.007	17783656	17783656	191361024	684	22	30	17376	474	1	8192	1	4264
300.568	17809096	17809096	183099392	684	22	30	17409	474	1	8192	1	4272
301.132	17781880	17781880	185237504	684	22	30	17442	475	2	12288	1	4280
301.699	17809136	17809136	176005120	684	22	30	17476	475	1	8192	1	4288
302.352	17807488	17807488	188805120	686	22	31	17514	475	2	12288	1	4296
303.014	17803280	17803280	184307712	686	22	31	17554	475	3	20480	1	4304
303.613	17821472	17821472	186781696	686	22	31	17588	476	2	12288	1	4312
304.15	17803256	17803256	186355712	686	22	31	17620	476	2	12288	1	4320
304.69	17834600	17834600	179990528	686	22	31	17652	476	1	8192	1	4328
305.229	17781944	17781944	176578560	686	22	31	17684	476	2	12288	1	4336
305.782	17790152	17790152	183840768	686	22	31	17715	481	4	24576	1	4344
306.338	17808120	17808120	186916864	686	22	31	17748	482	3	20480	1	4352
306.855	17787248	17787248	183545856	686	22	31	17779	482	1	8192	1	4360
307.393	17807384	17807384	183992320	686	22	31	17810	485	2	12288	1	4368
307.929	17812984	17812984	183091200	686	22	31	17841	485	2	12288	1	4376
308.448	17807448	17807448	184229888	686	22	31	17872	485	2	12288	1	4384
308.977	17807448	17807448	183926784	686	22	31	17904	485	2	12288	1	4392
309.509	17821544	17821544	185511936	686	22	31	17935	485	1	8192	1	4400
310.077	17809160	17809160	177692672	686	22	31	17969	486	1	8192	1	4408
310.602	17809136	17809136	187244544	686	22	31	18000	486	1	8192	1	4416
311.243	17834600	17834600	175964160	686	22	31	18035	488	1	8192	1	4424
311.877	17807384	17807384	185860096	686	22	31	18071	489	2	12288	1	4432
312.447	17832888	17832888	177709056	686	22	31	18103	489	2	12288	1	4440
313.038	17832960	17832960	177876992	686	22	31	18136	489	2	12288	1	4448
313.743	17821544	17821544	187281408	686	22	31	18178	489	1	8192	1	4456
314.413	17811536	17811536	181284864	686	22	31	18216	490	3	20480	1	4464
314.979	17783672	17783672	184635392	686	22	31	18250	490	1	8192	1	4472
315.557	17808824	17808824	185106432	686	22	31	18280	498	2	12288	1	4480
316.093	17822224	17822224	188100608	686	22	31	18309	498	1	8192	1	4488
316.687	17821480	17821480	182448128	686	22	31	18344	499	1	8192	1	4496
317.204	17809136	17809136	190697472	686	22	31	18375	499	1	8192	1	4504
317.746	17809096	17809096	183554048	686	22	31	18406	500	1	8192	1	4512
318.306	17821472	17821472	186314752	686	22	31	18439	501	2	12288	1	4520
318.86	17777712	17777712	172531712	686	22	31	18471	501	3	20480	1	4528
319.395	17809136	17809136	184750080	686	22	31	18501	501	1	8192	1	4536
319.933	17781880	17781880	175710208	686	22	31	18532	503	2	12288	1	4544
320.456	17809136	17809136	186167296	686	22	31	18564	503	1	8192	1	4552
321.044	17834640	17834640	176734208	686	22	31	18597	505	1	8192	1	4560
321.609	17777712	17777712	183164928	686	22	31	18630	506	2	12288	1	4568
322.135	17808816	17808816	183664640	686	22	31	18661	506	2	12288	1	4576
322.698	17809136	17809136	185511936	686	22	31	18694	507	1	8192	1	4584
323.252	17783632	17783632	185995264	686	22	31	18726	507	1	8192	1	4592
323.837	17809096	17809096	186802176	686	22	31	18758	509	1	8192	1	4600
324.408	17809136	17809136	187580416	686	22	31	18792	510	1	8192	1	4608
324.992	17812984	17812984	179818496	686	22	31	18825	511	2	12288	1	4616
325.545	17783592	17783592	187125760	686	22	31	18858	512	1	8192	1	4624
326.09	17809136	17809136	187449344	686	22	31	18891	512	1	8192	1	4632
326.674	17807384	17807384	185479168	686	22	31	18924	513	3	20480	1	4640
327.228	17809096	17809096	185053184	686	22	31	18957	513	1	8192	1	4648
327.926	17834600	17834600	179204096	686	22	31	18997	513	1	8192	1	4656
328.494	17807424	17807424	180150272	686	22	31	19030	513	2	12288	1	4664
329.174	17784864	17784864	183308288	686	22	31	19067	513	2	12288	1	4672
329.749	17807424	17807424	176414720	686	22	31	19101	513	2	12288	1	4680
330.309	17794256	17794256	177631232	686	22	31	19133	516	4	24576	1	4688
330.85	17807424	17807424	184983552	686	22	31	19164	520	2	12288	1	4696
331.395	17783632	17783632	192909312	686	22	31	19195	520	1	8192	1	4704
331.936	17794216	17794216	183156736	686	22	31	19224	526	4	24576	1	4712
332.512	17783592	17783592	185614336	686	22	31	19257	527	1	8192	1	4720
333.071	17807384	17807384	191012864	686	22	31	19290	528	3	20480	1	4728
333.609	17809136	17809136	191037440	686	22	31	19322	528	1	8192	1	4736
334.167	17817296	17817296	186122240	686	22	31	19353	534	1	8192	1	4744
334.703	17821488	17821488	187555840	686	22	31	19384	537	1	8192	1	4752
335.254	17809136	17809136	185823232	686	22	31	19416	537	1	8192	1	4760
335.811	17809136	17809136	188755968	686	22	31	19448	538	1	8192	1	4768
336.36	17809136	17809136	186114048	686	22	31	19480	539	1	8192	1	4776
336.918	17807384	17807384	185368576	686	22	31	19513	539	2	12288	1	4784
337.457	17777832	17777832	185516032	686	22	31	19545	539	3	20480	1	4792
338.022	17809256	17809256	185438208	686	22	31	19577	539	1	8192	1	4800
338.571	17790112	17790112	184307712	686	22	31	19607	544	4	24576	1	4808
339.114	17809200	17809200	181362688	686	22	31	19640	544	1	8192	1	4816
339.668	17858744	17858744	184664064	686	22	31	19673	544	2	12288	1	4824
340.233	17803280	17803280	178356224	686	22	31	19706	544	2	12288	1	4832
340.785	17809200	17809200	183480320	686	22	31	19738	544	1	8192	1	4840
341.323	17809200	17809200	178122752	686	22	31	19771	544	1	8192	1	4848
341.895	17807448	17807448	185864192	686	22	31	19803	545	2	12288	1	4856
342.432	17809136	17809136	190844928	686	22	31	19831	546	1	8192	1	4864
343.015	17808376	17808376	187232256	691	22	31	19861	547	2	12288	1	4872
343.565	17804256	17804256	186236928	691	22	31	19894	547	2	12288	1	4880
344.183	17810184	17810184	186937344	691	22	31	19931	549	1	8192	1	4888
344.754	17810184	17810184	186781696	691	22	31	19963	549	1	8192	1	4896
345.301	17810200	17810200	184897536	691	22	31	19995	549	1	8192	1	4904
345.871	17809920	17809920	188182528	691	22	31	20029	554	3	20480	1	4912
346.47	17808432	17808432	192491520	691	22	31	20063	555	2	12288	1	4920
347.064	17808432	17808432	186691584	691	22	31	20094	556	2	12288	1	4928
347.624	17808424	17808424	186798080	691	22	31	20127	557	3	20480	1	4936
348.226	17808424	17808424	189448192	691	22	31	20160	558	2	12288	1	4944
348.883	17818392	17818392	187154432	691	22	31	20198	559	1	8192	1	4952
349.664	17835640	17835640	173969408	691	22	31	20244	559	1	8192	1	4960
350.361	17814088	17814088	188903424	691	22	31	20285	559	2	12288	1	4968
350.987	17804320	17804320	188313600	691	22	31	20320	559	2	12288	1	4976
351.673	17788584	17788584	189091840	691	22	31	20360	559	2	12288	1	4984
352.3	17784632	17784632	191602688	691	22	31	20396	560	1	8192	1	4992
352.839	17808424	17808424	184500224	691	22	31	20428	561	3	20480	1	5000
