# REQ-TST-009 soak samples. 8 hours requested, sampling every 60 s, started 2026-08-01 17:51:05Z
elapsed_s	managed_b	collected_b	private_b	handles	gdi	user	frames_drawn	frames_dropped	pooled_buffers	pooled_b	traces	cycles
0.009	16849096	16849096	147935232	706	21	26	1	1	3	20480	1	0
60.073	22326088	0	148008960	711	21	30	1101	2363	7	45056	1	0
120.111	20807296	0	147886080	711	21	31	2197	4661	7	45056	1	0
180.155	19880848	0	147566592	707	21	30	3295	7021	5	32768	1	0
240.18	19291552	0	147963904	707	21	30	4391	9354	7	45056	1	0
300.508	32259608	0	176873472	712	21	29	5494	11742	3	20480	1	1
360.549	22339568	0	151572480	710	22	30	6590	14090	4	28672	1	1
420.641	20542920	0	151703552	710	22	30	7688	16400	4	28672	1	1
480.704	18335568	0	151433216	706	22	30	8786	18671	4	28672	1	1
540.744	22449832	0	151592960	704	22	29	9883	21029	4	28672	1	1
601.62	17869024	17869024	165449728	718	22	29	10992	23414	6	36864	1	2
661.613	18618496	0	152145920	703	22	29	14407	23421	5	32768	1	2
721.612	18483264	0	151994368	703	22	29	17773	23434	4	24576	1	2
781.612	18484152	0	152059904	705	22	30	21127	23446	4	24576	1	2
841.615	18650568	0	151994368	703	22	29	24503	23460	4	24576	1	2
901.679	33180880	0	168026112	742	22	29	27919	23471	3	20480	1	3
961.674	32776200	0	153382912	705	22	29	31305	23482	5	32768	1	3
1021.675	33212280	0	153448448	707	22	30	34735	23490	5	32768	1	3
1081.676	33767744	0	153378816	707	22	30	38150	23504	5	32768	1	3
1141.674	34172072	0	153444352	707	22	30	41547	23519	5	32768	1	3
1201.757	17853616	17853616	163643392	737	22	30	44931	23530	4	24576	1	4
1261.754	18335336	0	150732800	705	22	30	48333	23540	4	24576	1	4
1321.752	19193128	0	150622208	705	22	30	51792	23548	5	32768	1	4
1381.753	18724096	0	150687744	705	22	30	55091	23562	4	24576	1	4
1441.752	18729744	0	150622208	705	22	30	58444	23572	5	32768	1	4
1501.813	33140272	0	165081088	744	22	30	61827	23587	5	32768	1	5
1561.817	32721416	0	154677248	707	22	30	65210	23595	5	32768	1	5
1621.817	32603856	0	154701824	705	22	29	68526	23613	4	24576	1	5
1681.818	33105952	0	154681344	707	22	30	71937	23627	4	24576	1	5
1741.817	33737928	0	155402240	707	22	30	75362	23636	4	24576	1	5
1801.899	17849464	17849464	164458496	737	22	30	78803	23645	4	24576	1	6
1861.894	18124624	0	151539712	705	22	30	82168	23657	5	32768	1	6
1921.894	23161208	0	152715264	705	22	30	85474	23669	4	24576	1	6
1981.893	23386768	0	152604672	705	22	30	88873	23676	5	32768	1	6
2041.895	23507824	0	152670208	705	22	30	92218	23691	4	24576	1	6
2102.166	33735528	0	162492416	639	22	29	95576	23714	5	32768	1	7
2162.162	32982000	0	154865664	616	22	28	98946	23722	5	32768	1	7
2222.159	33444584	0	155652096	616	22	28	102343	23731	3	20480	1	7
2282.164	33898696	0	155533312	618	22	29	105767	23737	5	32768	1	7
2342.16	34097280	0	155557888	616	22	28	109158	23743	3	20480	1	7
2402.243	17849632	17849632	164298752	648	22	30	112558	23753	4	24576	1	8
2462.238	22971880	0	148701184	616	22	30	115866	23766	4	24576	1	8
2522.239	19150656	0	148746240	616	22	30	119392	23775	4	24576	1	8
2582.24	19060368	0	148746240	616	22	30	122737	23783	5	32768	1	8
2642.239	23374296	0	148746240	614	22	29	125995	23787	5	32768	1	8
2702.546	32725400	0	160485376	630	22	29	129353	23805	4	28672	1	9
2762.551	33056968	0	155045888	620	22	29	132734	23810	4	28672	1	9
2822.551	32869696	0	153391104	619	22	30	136075	23824	3	20480	1	9
2882.551	33091384	0	153350144	617	22	29	139457	23833	3	20480	1	9
2942.55	33291376	0	153391104	619	22	30	142830	23847	3	20480	1	9
3002.624	17845368	17845368	164474880	648	22	30	146174	23862	3	20480	1	10
3062.628	18816584	0	149168128	616	22	30	149621	23864	4	28672	1	10
3122.629	20452808	0	149712896	616	22	30	153033	23881	4	28672	1	10
3182.629	20610280	0	149778432	616	22	30	156415	23889	3	20480	1	10
3242.627	21087240	0	149712896	616	22	30	159835	23895	4	28672	1	10
3302.695	33890128	0	164917248	654	22	30	163193	23910	2	16384	1	11
3362.691	34051072	0	158474240	627	22	30	166561	23922	5	32768	1	11
3422.693	34420424	0	155250688	622	22	29	169974	23932	3	20480	1	11
3482.691	35315000	0	155357184	624	22	30	173418	23939	3	20480	1	11
3542.691	35718784	0	155230208	624	22	30	176806	23961	3	20480	1	11
3602.767	17876864	17876864	160321536	648	22	30	180166	23972	4	24576	1	12
3662.768	23325608	0	146305024	616	22	30	183499	23983	4	24576	1	12
3722.77	18211016	0	146214912	616	22	30	186911	23993	4	24576	1	12
3782.768	19057312	0	146280448	616	22	30	190345	24001	5	32768	1	12
3842.769	19405816	0	146219008	616	22	30	193752	24008	4	24576	1	12
3902.834	33379464	0	165801984	659	22	30	197082	24014	5	32768	1	13
3962.83	33103488	0	153255936	616	22	29	200488	24022	4	24576	1	13
4022.831	33755136	0	153427968	616	22	29	203891	24033	4	24576	1	13
4082.831	34478728	0	153362432	618	22	30	207344	24043	5	32768	1	13
4142.832	35255864	0	154083328	618	22	30	210768	24049	5	32768	1	13
4202.913	17826184	17826184	159870976	648	22	30	214174	24055	4	24576	1	14
4262.911	18081776	0	143597568	614	22	29	217549	24066	5	32768	1	14
4322.924	23438104	0	143597568	614	22	29	220881	24073	3	16384	1	14
4382.925	18350784	0	143597568	616	22	30	224280	24078	4	24576	1	14
4442.926	18760288	0	144252928	616	22	30	227654	24090	4	24576	1	14
4503.181	33010712	0	160407552	635	22	29	231061	24107	5	32768	1	15
4563.174	32731368	0	153182208	617	22	29	234409	24116	3	20480	1	15
4623.175	33100800	0	153186304	619	22	30	237789	24135	3	20480	1	15
4683.18	33518320	0	153186304	619	22	30	241208	24141	5	32768	1	15
4743.174	33806864	0	153186304	619	22	30	244580	24153	5	32768	1	15
4803.322	17883216	17883216	153124864	631	22	30	248018	24161	4	24576	1	16
4863.317	18345296	0	143577088	616	22	30	251389	24175	3	20480	1	16
4923.316	18914728	0	144142336	616	22	30	254804	24183	4	28672	1	16
4983.317	18771144	0	144207872	616	22	30	258146	24189	4	28672	1	16
5043.318	19486288	0	144101376	614	22	29	261564	24203	3	20480	1	16
5103.383	33270808	0	165023744	656	22	30	264936	24208	4	28672	1	17
5163.378	32676304	0	153042944	618	22	30	268309	24224	4	28672	1	17
5223.378	33288536	0	153067520	616	22	29	271725	24232	4	28672	1	17
5283.379	33850144	0	153051136	618	22	30	275128	24244	4	28672	1	17
5343.377	33509112	0	153116672	618	22	30	278453	24253	4	28672	1	17
5403.547	17883448	17883448	153165824	631	22	30	281794	24273	2	12288	1	18
5463.549	18282464	0	144699392	616	22	30	285167	24282	4	28672	1	18
5523.549	18862176	0	145240064	616	22	30	288597	24286	3	20480	1	18
5583.549	19681600	0	145305600	616	22	30	292005	24299	4	28672	1	18
5643.55	19614712	0	145235968	616	22	30	295370	24305	3	20480	1	18
5703.615	32741552	0	166334464	649	22	30	298763	24315	4	28672	1	19
5763.613	33221192	0	155095040	620	22	29	302172	24322	5	32768	1	19
5823.612	33100240	0	153722880	617	22	29	305538	24332	3	20480	1	19
5883.612	33648000	0	153788416	619	22	30	308947	24345	5	32768	1	19
5943.613	33986112	0	153784320	619	22	30	312354	24354	5	32768	1	19
6003.698	17877136	17877136	158052352	648	22	30	315776	24360	4	24576	1	20
6063.696	18450272	0	143441920	614	22	29	319180	24370	5	32768	1	20
6123.706	19037080	0	144097280	614	22	29	322590	24381	4	24576	1	20
6183.707	19307264	0	144097280	616	22	30	325980	24390	5	32768	1	20
6243.709	19637320	0	144097280	616	22	30	329357	24401	5	32768	1	20
6303.983	33072336	0	158425088	634	22	29	332767	24431	4	28672	1	21
6363.992	33591912	0	153505792	623	22	29	336171	24442	4	28672	1	21
6423.988	33230104	0	153616384	619	22	30	339511	24455	4	28672	1	21
6483.987	33647960	0	153616384	619	22	30	342893	24469	4	28672	1	21
6543.988	33586744	0	153620480	619	22	30	346233	24477	4	28672	1	21
6604.14	17883128	17883128	151785472	629	22	29	349658	24491	2	12288	1	22
6664.143	18772216	0	141856768	614	22	29	353066	24506	3	20480	1	22
6724.143	19750960	0	142413824	614	22	29	356527	24513	4	28672	1	22
6784.143	20267656	0	142479360	616	22	30	359935	24517	4	28672	1	22
6844.143	19971576	0	142372864	614	22	29	363262	24529	4	28672	1	22
6904.278	33300904	0	161853440	640	22	30	366670	24539	3	20480	1	23
6964.268	32599776	0	153112576	618	22	30	370019	24552	3	20480	1	23
7024.269	33429592	0	153178112	618	22	30	373452	24559	3	20480	1	23
7084.268	33902024	0	153817088	625	22	31	376882	24563	5	32768	1	23
7144.269	34279592	0	153882624	625	22	31	380289	24566	3	20480	1	23
7204.453	17883936	17883936	157016064	638	22	31	383677	24587	4	24576	1	24
7264.456	18065696	0	147587072	623	22	31	387044	24591	4	28672	1	24
7324.455	18517112	0	148185088	623	22	31	390442	24607	4	28672	1	24
7384.455	18818264	0	148209664	621	22	30	393821	24612	3	20480	1	24
7444.455	18793992	0	148180992	621	22	30	397177	24619	3	20480	1	24
7504.593	33243032	0	163446784	644	22	31	400522	24634	2	16384	1	25
7564.598	33366080	0	153780224	625	22	31	403941	24650	2	16384	1	25
7624.597	33740456	0	153845760	625	22	31	407321	24661	2	16384	1	25
7684.599	34352736	0	154435584	625	22	31	410732	24677	3	24576	1	25
7744.598	35058912	0	154501120	625	22	31	414148	24682	3	24576	1	25
7804.747	17884160	17884160	152600576	638	22	31	417542	24687	2	12288	1	26
7864.74	23098304	0	144207872	623	22	31	420855	24691	3	20480	1	26
7924.738	23339320	0	144297984	621	22	30	424215	24702	4	28672	1	26
7984.739	18156032	0	144220160	623	22	31	427617	24712	3	20480	1	26
8044.742	18621744	0	144818176	623	22	31	431026	24722	4	28672	1	26
8104.805	33716928	0	166359040	663	22	30	434448	24728	4	28672	1	27
8164.799	32813904	0	153522176	623	22	30	437807	24731	3	20480	1	27
8224.799	32792992	0	153653248	625	22	31	441176	24736	5	32768	1	27
8284.8	32975184	0	153591808	625	22	31	444560	24745	5	32768	1	27
8344.803	33304816	0	154312704	625	22	31	447928	24755	5	32768	1	27
8405.092	17896592	17896592	153600000	636	22	30	451325	24771	6	36864	1	28
8465.097	19011696	0	143413248	621	22	30	454770	24777	5	32768	1	28
8525.099	19222424	0	143413248	621	22	30	458129	24787	5	32768	1	28
8585.097	18559992	0	143413248	623	22	31	461424	24802	5	32768	1	28
8645.096	19709232	0	143413248	621	22	30	464874	24817	5	32768	1	28
8705.164	32744448	0	163999744	654	22	30	468315	24833	5	32768	1	29
8765.158	33398448	0	153382912	627	22	30	471709	24847	4	24576	1	29
8825.16	34106176	0	150528000	626	22	31	475148	24861	4	24576	1	29
8885.158	34708584	0	151183360	626	22	31	478546	24872	5	32768	1	29
8945.159	34507024	0	151183360	624	22	30	481874	24882	4	24576	1	29
9005.325	17884168	17884168	151298048	638	22	31	485229	24893	2	12288	1	30
9065.317	18679488	0	142983168	623	22	31	488656	24899	4	28672	1	30
9125.316	19189440	0	142876672	623	22	31	492077	24903	4	28672	1	30
9185.317	19323832	0	142942208	623	22	31	495433	24917	4	28672	1	30
9245.317	18400680	0	142876672	623	22	31	498702	24930	3	20480	1	30
9305.378	33079256	0	165138432	660	22	31	501948	24937	4	28672	1	31
9365.377	33445136	0	156778496	633	22	31	505346	24946	5	32768	1	31
9425.378	33124384	0	154402816	628	22	31	508693	24957	5	32768	1	31
9485.38	37994160	0	154472448	628	22	31	511991	24965	3	20480	1	31
9545.379	38046328	0	155062272	628	22	31	515363	24977	3	20480	1	31
9605.544	17858984	17858984	154316800	638	22	31	518769	24985	2	12288	1	32
9665.536	18152560	0	144175104	623	22	31	522129	25000	4	28672	1	32
9725.535	23483624	0	144896000	623	22	31	525454	25010	4	28672	1	32
9785.535	18376504	0	144805888	623	22	31	528843	25022	4	28672	1	32
9845.534	19670872	0	144752640	623	22	31	532319	25038	3	20480	1	32
9905.696	33423424	0	162209792	649	22	31	535766	25046	2	16384	1	33
9965.691	33421456	0	154578944	625	22	31	539191	25060	2	16384	1	33
10025.692	33612200	0	154710016	623	22	30	542539	25074	3	24576	1	33
10085.692	33879376	0	155238400	625	22	31	545931	25090	3	24576	1	33
10145.691	34253568	0	155303936	625	22	31	549321	25096	2	16384	1	33
10205.843	17884096	17884096	153993216	638	22	31	552791	25110	3	20480	1	34
10265.847	23004688	0	143618048	621	22	30	556100	25115	4	28672	1	34
10325.847	23573320	0	143683584	621	22	30	559509	25119	3	20480	1	34
10385.846	18003536	0	143597568	623	22	31	562887	25120	3	20480	1	34
10445.846	18130968	0	143532032	623	22	31	566239	25130	4	28672	1	34
10505.997	33311624	0	163942400	648	22	31	569525	25146	5	32768	1	35
10565.988	33422288	0	154943488	623	22	30	572963	25159	3	20480	1	35
10625.989	33574544	0	155009024	625	22	31	576342	25165	3	20480	1	35
10685.992	34123328	0	155541504	625	22	31	579774	25170	5	32768	1	35
10745.988	33003000	0	155672576	625	22	31	583012	25178	3	20480	1	35
10806.059	17881968	17881968	162299904	655	22	31	586351	25188	4	24576	1	36
10866.067	23386496	0	148897792	623	22	31	589699	25195	4	24576	1	36
10926.068	17968168	0	149483520	623	22	31	593066	25205	5	32768	1	36
10986.067	18061752	0	149549056	623	22	31	596415	25222	4	24576	1	36
11046.065	18980336	0	149487616	623	22	31	599874	25226	4	24576	1	36
11106.347	33803896	0	161935360	639	22	31	603360	25244	3	20480	1	37
11166.346	23512584	0	153923584	623	22	31	606675	25262	3	20480	1	37
11226.346	18392192	0	154578944	623	22	31	610070	25272	4	28672	1	37
11286.346	18269096	0	155492352	623	22	31	613433	25281	4	28672	1	37
11346.346	18547264	0	155492352	623	22	31	616815	25290	4	28672	1	37
11406.422	17879176	17879176	165666816	657	22	31	620184	25302	3	20480	1	38
11466.424	17994320	0	153780224	623	22	31	623538	25316	3	20480	1	38
11526.424	18279568	0	154447872	623	22	31	626924	25322	3	20480	1	38
11586.425	18634120	0	154447872	623	22	31	630340	25327	3	20480	1	38
11646.426	18151272	0	154447872	623	22	31	633648	25332	3	20480	1	38
11706.487	32714768	0	167120896	656	22	31	637048	25341	4	28672	1	39
11766.487	37859696	0	158937088	629	22	31	640354	25351	3	20480	1	39
11826.488	37151064	0	155422720	624	22	30	643664	25363	5	32768	1	39
11886.488	37043520	0	155422720	626	22	31	647029	25368	3	20480	1	39
11946.488	37279016	0	155422720	626	22	31	650412	25387	5	32768	1	39
12006.655	17915104	17915104	158208000	638	22	31	653755	25403	2	12288	1	40
12066.66	18516344	0	150491136	621	22	30	657160	25413	3	20480	1	40
12126.658	18837552	0	150433792	621	22	30	660551	25421	3	20480	1	40
12186.659	19344184	0	150499328	623	22	31	663959	25429	4	28672	1	40
12246.66	19720736	0	150433792	623	22	31	667379	25436	3	20480	1	40
12306.803	33301480	0	162988032	647	22	31	670763	25453	4	28672	1	41
12366.8	37637376	0	155320320	623	22	30	674060	25464	2	16384	1	41
12426.799	38031128	0	156041216	625	22	31	677400	25483	2	16384	1	41
12486.799	33141112	0	155975680	625	22	31	680848	25489	3	24576	1	41
12546.801	34069384	0	156041216	625	22	31	684297	25500	2	16384	1	41
12606.876	17900792	17900792	166563840	655	22	31	687684	25513	3	20480	1	42
12666.878	18144400	0	154267648	623	22	31	691032	25522	4	28672	1	42
12726.88	19045600	0	154198016	623	22	31	694480	25536	3	20480	1	42
12786.879	19664424	0	154263552	623	22	31	697901	25547	3	20480	1	42
12846.877	19778000	0	154202112	623	22	31	701294	25552	3	20480	1	42
12906.946	33180880	0	168218624	664	22	31	704678	25561	2	16384	1	43
12966.941	33076904	0	154931200	625	22	31	708105	25568	3	20480	1	43
13026.944	32991048	0	155652096	625	22	31	711447	25577	5	32768	1	43
13086.943	32772128	0	155590656	625	22	31	714785	25591	3	20480	1	43
13146.941	33200064	0	155656192	625	22	31	718190	25609	5	32768	1	43
13207.108	17919168	17910976	159150080	638	22	31	721574	25621	4	24576	1	44
13267.114	18869264	0	148234240	623	22	31	725025	25632	3	20480	1	44
13327.114	18540504	0	148234240	623	22	31	728315	25649	4	28672	1	44
13387.113	18628896	0	148234240	623	22	31	731688	25659	3	20480	1	44
13447.113	18987656	0	148889600	621	22	30	735055	25676	4	28672	1	44
13507.261	32790864	0	160206848	637	22	30	738516	25695	2	16384	1	45
13567.252	33501384	0	157868032	627	22	30	741916	25706	3	24576	1	45
13627.254	33845952	0	153829376	624	22	30	745327	25714	3	24576	1	45
13687.253	34864448	0	153829376	626	22	31	748789	25719	3	24576	1	45
13747.254	35260648	0	153829376	626	22	31	752184	25737	2	16384	1	45
13807.334	17904680	17904680	165588992	655	22	31	755488	25746	3	20480	1	46
13867.331	18871432	0	152694784	623	22	31	758916	25759	4	28672	1	46
13927.333	18978512	0	153268224	623	22	31	762282	25775	4	28672	1	46
13987.332	18929640	0	153333760	623	22	31	765636	25788	4	28672	1	46
14047.332	19684400	0	153272320	623	22	31	769062	25800	3	20480	1	46
14107.397	33065608	0	166055936	663	22	31	772448	25808	4	28672	1	47
14167.394	33431824	0	160284672	632	22	30	775861	25812	3	20480	1	47
14227.393	38544528	0	160350208	634	22	31	779163	25824	5	32768	1	47
14287.396	33231584	0	157822976	631	22	31	782541	25839	5	32768	1	47
14347.393	32945400	0	157765632	631	22	31	785871	25845	5	32768	1	47
14407.573	17910928	17910928	161169408	638	22	31	789324	25853	2	12288	1	48
14467.567	18721352	0	150282240	623	22	31	792754	25865	4	28672	1	48
14527.569	18896432	0	150876160	623	22	31	796122	25877	4	28672	1	48
14587.565	19562032	0	150941696	623	22	31	799538	25889	4	28672	1	48
14647.567	19487392	0	150876160	623	22	31	802908	25896	3	20480	1	48
14707.718	33256440	0	163971072	645	22	30	806332	25913	2	16384	1	49
14767.721	33100080	0	155590656	623	22	30	809711	25935	3	24576	1	49
14827.723	33649040	0	155656192	623	22	30	813112	25942	2	16384	1	49
14887.721	33757160	0	155529216	625	22	31	816494	25949	3	24576	1	49
14947.721	34883152	0	155660288	623	22	30	819943	25965	3	24576	1	49
15007.803	17904640	17904640	167944192	653	22	30	823336	25978	4	24576	1	50
15067.803	18428088	0	154009600	621	22	30	826740	25985	4	24576	1	50
15127.801	18540600	0	153923584	623	22	31	830106	25999	4	24576	1	50
15187.8	19039904	0	154832896	623	22	31	833509	26011	5	32768	1	50
15247.798	19282800	0	154767360	623	22	31	836892	26025	5	32768	1	50
15308.063	33266688	0	165097472	647	22	31	840277	26046	3	20480	1	51
15368.066	32837704	0	156303360	625	22	31	843672	26057	5	32768	1	51
15428.067	33264208	0	156368896	625	22	31	847074	26064	5	32768	1	51
15488.067	33761416	0	156237824	625	22	31	850508	26070	5	32768	1	51
15548.068	33939656	0	157024256	625	22	31	853895	26077	5	32768	1	51
15608.225	17910968	17910968	158982144	638	22	31	857341	26087	2	12288	1	52
15668.222	18432216	0	148246528	623	22	31	860726	26101	3	20480	1	52
15728.222	18802936	0	148246528	623	22	31	864139	26104	3	20480	1	52
15788.225	18874736	0	148901888	623	22	31	867502	26119	4	28672	1	52
15848.221	19140040	0	148901888	623	22	31	870876	26129	3	20480	1	52
15908.287	33261640	0	166035456	665	22	31	874157	26144	4	28672	1	53
15968.287	33385152	0	157057024	635	22	31	877530	26164	3	20480	1	53
16028.284	33563648	0	152592384	626	22	31	880946	26175	4	28672	1	53
16088.286	33630208	0	153247744	626	22	31	884310	26182	3	20480	1	53
16148.284	34097552	0	153247744	626	22	31	887705	26196	4	28672	1	53
16208.444	17910880	17910880	160432128	638	22	31	891140	26206	3	20480	1	54
16268.442	18771200	0	150065152	623	22	31	894590	26211	3	20480	1	54
16328.441	19457536	0	150007808	621	22	30	898026	26221	3	20480	1	54
16388.441	19611456	0	150073344	623	22	31	901382	26235	3	20480	1	54
16448.442	20033608	0	150011904	623	22	31	904790	26242	4	28672	1	54
16508.594	33488536	0	165429248	652	22	31	908124	26247	3	20480	1	55
16568.596	32796840	0	156344320	623	22	30	911488	26260	5	32768	1	55
16628.596	38093728	0	156409856	623	22	30	914810	26268	3	20480	1	55
16688.599	37660536	0	156942336	625	22	31	918146	26275	3	20480	1	55
16748.596	32729136	0	157007872	625	22	31	921543	26292	5	32768	1	55
16808.678	17912808	17912808	166428672	655	22	31	924934	26302	4	24576	1	56
16868.676	18253448	0	153931776	621	22	30	928305	26317	4	24576	1	56
16928.675	18414000	0	153870336	623	22	31	931682	26333	4	24576	1	56
16988.675	18516824	0	154591232	623	22	31	935032	26346	4	24576	1	56
17048.674	18990896	0	154529792	623	22	31	938424	26358	5	32768	1	56
17108.935	33302456	0	167739392	647	22	31	941828	26376	4	28672	1	57
17168.941	33170160	0	155459584	625	22	31	945237	26384	3	20480	1	57
17228.943	33950256	0	155525120	625	22	31	948664	26405	3	20480	1	57
17288.94	34552064	0	156127232	625	22	31	952092	26413	4	28672	1	57
17348.943	35093784	0	156192768	625	22	31	955502	26421	4	28672	1	57
17409.098	17915408	17915408	158502912	638	22	31	958953	26434	2	12288	1	58
17469.096	18697280	0	149659648	623	22	31	962386	26437	4	28672	1	58
17529.096	19006168	0	148217856	623	22	31	965779	26448	4	28672	1	58
17589.097	19448760	0	148217856	623	22	31	969201	26455	4	28672	1	58
17649.097	20175904	0	148217856	623	22	31	972640	26462	4	28672	1	58
17709.242	33616144	0	160718848	647	22	31	976074	26474	3	20480	1	59
17769.237	33814728	0	158543872	634	22	31	979465	26481	5	32768	1	59
17829.238	33920224	0	154910720	626	22	31	982867	26495	5	32768	1	59
17889.237	33367512	0	154910720	626	22	31	986168	26509	3	20480	1	59
17949.238	33618768	0	154910720	626	22	31	989565	26516	5	32768	1	59
18009.319	17904616	17904616	166641664	655	22	31	992978	26525	4	24576	1	60
18069.317	18394312	0	151740416	623	22	30	996366	26535	4	24576	1	60
18129.32	18818400	0	151650304	621	22	29	999767	26551	5	32768	1	60
18189.317	19051760	0	151715840	623	22	30	1003134	26562	4	24576	1	60
18249.317	19288688	0	151646208	623	22	30	1006518	26577	5	32768	1	60
18309.55	33164128	0	159768576	643	22	31	1009877	26602	4	28672	1	61
18369.551	38238456	0	160051200	631	22	30	1013184	26609	3	20480	1	61
18429.554	37750904	0	156684288	628	22	30	1016505	26623	4	28672	1	61
18489.551	37627648	0	156819456	630	22	31	1019828	26634	3	20480	1	61
18549.55	37814256	0	156692480	630	22	31	1023206	26640	4	28672	1	61
18609.71	17910888	17910888	162451456	638	22	31	1026605	26652	2	12288	1	62
18669.705	18463616	0	149708800	621	22	30	1030004	26661	3	20480	1	62
18729.706	18604968	0	149630976	623	22	31	1033378	26674	3	20480	1	62
18789.705	18614104	0	149696512	623	22	31	1036751	26679	3	20480	1	62
18849.706	18158480	0	150294528	623	22	31	1040069	26683	3	20480	1	62
18909.773	32759472	0	168042496	656	22	31	1043462	26694	4	28672	1	63
18969.768	33046696	0	158720000	629	22	31	1046835	26705	5	32768	1	63
19029.768	37980632	0	154701824	626	22	31	1050162	26713	5	32768	1	63
19089.767	33036000	0	154832896	626	22	31	1053582	26718	5	32768	1	63
19149.768	33064968	0	155418624	626	22	31	1056959	26726	3	20480	1	63
19209.928	17915096	17915096	160759808	636	22	30	1060336	26740	2	12288	1	64
19269.925	18014328	0	149504000	621	22	30	1063689	26747	4	28672	1	64
19329.926	23515960	0	149504000	621	22	30	1067046	26756	3	20480	1	64
19389.926	18144136	0	150159360	623	22	31	1070418	26773	3	20480	1	64
19449.924	18623512	0	150159360	623	22	31	1073809	26781	3	20480	1	64
19509.997	32758480	0	166006784	656	22	31	1077223	26790	4	28672	1	65
19569.989	33331088	0	157294592	629	22	31	1080637	26796	3	20480	1	65
19629.987	33158864	0	154898432	626	22	31	1083983	26805	4	28672	1	65
19689.991	33169448	0	154898432	626	22	31	1087317	26819	4	28672	1	65
19749.991	33166504	0	154898432	626	22	31	1090673	26833	3	20480	1	65
19810.147	17915048	17915048	159854592	638	22	31	1094056	26853	2	12288	1	66
19870.144	18150520	0	149913600	623	22	31	1097413	26860	4	28672	1	66
19930.145	23623112	0	149979136	623	22	31	1100767	26869	3	20480	1	66
19990.144	23354584	0	150552576	623	22	31	1104103	26880	4	28672	1	66
20050.146	18338600	0	150487040	623	22	31	1107523	26885	4	28672	1	66
20110.204	33398760	0	166653952	660	22	31	1110925	26900	4	28672	1	67
20170.208	33044576	0	154923008	625	22	30	1114271	26903	3	20480	1	67
20230.205	33207776	0	155054080	625	22	30	1117646	26915	5	32768	1	67
20290.207	33301872	0	155574272	627	22	31	1121031	26923	5	32768	1	67
20350.206	33817800	0	155705344	627	22	31	1124440	26929	3	20480	1	67
20410.364	17910856	17910856	162193408	638	22	31	1127777	26946	2	12288	1	68
20470.362	18766928	0	150982656	621	22	30	1131212	26956	4	28672	1	68
20530.365	19031216	0	150876160	623	22	31	1134619	26965	4	28672	1	68
20590.362	19151912	0	150941696	623	22	31	1137994	26971	3	20480	1	68
20650.365	19648184	0	150880256	623	22	31	1141411	26982	3	20480	1	68
20710.461	33273000	0	163192832	643	22	30	1144790	26995	2	16384	1	69
20770.457	33397704	0	157315072	623	22	30	1148217	27008	3	24576	1	69
20830.456	33689120	0	158035968	623	22	30	1151590	27019	3	24576	1	69
20890.455	33628984	0	157974528	625	22	31	1154947	27029	3	24576	1	69
20950.456	34354696	0	158040064	625	22	31	1158363	27051	3	24576	1	69
21010.54	17904680	17904680	168157184	653	22	30	1161784	27060	3	20480	1	70
21070.536	18468120	0	154550272	621	22	30	1165187	27071	3	20480	1	70
21130.535	18783536	0	155086848	621	22	30	1168571	27080	3	20480	1	70
21190.536	18804120	0	155152384	623	22	31	1171939	27084	4	28672	1	70
21250.536	18265168	0	155086848	623	22	31	1175259	27089	4	28672	1	70
21310.799	33536728	0	164540416	647	22	31	1178638	27106	5	32768	1	71
21370.799	33609312	0	160079872	633	22	31	1181990	27123	5	32768	1	71
21430.802	34275256	0	160800768	633	22	31	1185389	27133	5	32768	1	71
21490.8	35009336	0	160735232	633	22	31	1188843	27141	5	32768	1	71
21550.8	35270608	0	160800768	633	22	31	1192221	27147	5	32768	1	71
21610.883	17908712	17908712	166400000	655	22	31	1195614	27161	4	24576	1	72
21670.881	18383296	0	151339008	623	22	31	1199009	27165	4	24576	1	72
21730.879	19151344	0	151339008	623	22	31	1202432	27180	4	24576	1	72
21790.878	19315072	0	151339008	623	22	31	1205809	27190	5	32768	1	72
21850.877	19395632	0	151339008	623	22	31	1209176	27195	5	32768	1	72
21910.943	33370664	0	165998592	660	22	31	1212538	27204	5	32768	1	73
21970.942	33301464	0	153505792	627	22	31	1215901	27217	4	24576	1	73
22030.942	33828168	0	154161152	627	22	31	1219295	27229	4	24576	1	73
22090.942	34243120	0	154161152	627	22	31	1222713	27233	4	24576	1	73
22150.942	34993776	0	154161152	627	22	31	1226133	27242	4	24576	1	73
22211.021	17904632	17904632	165326848	655	22	31	1229577	27252	4	24576	1	74
22271.018	23173584	0	152117248	623	22	31	1232893	27263	5	32768	1	74
22331.018	23281744	0	152182784	623	22	31	1236263	27269	4	24576	1	74
22391.019	18459632	0	152109056	623	22	31	1239687	27275	4	24576	1	74
22451.018	23460928	0	152174592	623	22	31	1242976	27291	3	16384	1	74
22511.084	32739112	0	166588416	656	22	31	1246395	27300	5	32768	1	75
22571.081	33289128	0	157995008	629	22	31	1249817	27306	3	20480	1	75
22631.083	33659768	0	155271168	624	22	30	1253227	27317	5	32768	1	75
22691.081	34360624	0	155402240	626	22	31	1256673	27327	3	20480	1	75
22751.081	34635416	0	155267072	626	22	31	1260077	27334	5	32768	1	75
22811.16	17904616	17904616	166006784	655	22	31	1263374	27350	4	24576	1	76
22871.162	18483864	0	153518080	621	22	30	1266761	27371	4	24576	1	76
22931.16	19368576	0	153444352	621	22	30	1270201	27385	4	24576	1	76
22991.159	19669864	0	153509888	623	22	31	1273577	27394	5	32768	1	76
23051.158	20348128	0	153444352	623	22	31	1277004	27409	5	32768	1	76
23111.226	33247376	0	167997440	665	22	31	1280382	27417	5	32768	1	77
23171.224	32874608	0	155082752	623	22	30	1283759	27432	4	24576	1	77
23231.224	33209656	0	155148288	625	22	31	1287126	27450	4	24576	1	77
23291.223	33853736	0	155025408	625	22	31	1290549	27463	4	24576	1	77
23351.222	34402848	0	155811840	623	22	30	1293961	27470	5	32768	1	77
23411.309	17904960	17904960	168235008	655	22	31	1297387	27483	4	24576	1	78
23471.303	18214992	0	153645056	623	22	31	1300753	27495	4	24576	1	78
23531.301	18377160	0	153530368	623	22	31	1304129	27506	4	24576	1	78
23591.318	18390464	0	154251264	623	22	31	1307472	27521	5	32768	1	78
23651.319	18625256	0	154189824	623	22	31	1310864	27530	5	32768	1	78
23711.473	32771672	0	165576704	639	22	31	1314270	27544	3	20480	1	79
23771.474	38311288	0	162693120	629	22	30	1317623	27556	3	20480	1	79
23831.474	37711336	0	157052928	626	22	31	1320931	27569	3	20480	1	79
23891.471	37443192	0	157118464	626	22	31	1324264	27576	5	32768	1	79
23951.471	37636264	0	157052928	626	22	31	1327654	27585	3	20480	1	79
24011.625	17915096	17915096	160174080	638	22	31	1331105	27595	2	12288	1	80
24071.627	19050736	0	148938752	623	22	31	1334558	27609	3	20480	1	80
24131.627	18903640	0	148938752	623	22	31	1337867	27625	4	28672	1	80
24191.629	19390512	0	149594112	623	22	31	1341275	27631	3	20480	1	80
24251.629	19128920	0	149594112	623	22	31	1344593	27643	3	20480	1	80
24311.777	32839080	0	161763328	639	22	31	1348049	27649	2	16384	1	81
24371.768	33703488	0	159080448	629	22	31	1351474	27658	3	24576	1	81
24431.769	33805696	0	158085120	624	22	30	1354864	27664	2	16384	1	81
24491.77	34414040	0	158085120	626	22	31	1358281	27670	2	16384	1	81
24551.77	34530664	0	158085120	626	22	31	1361654	27683	3	24576	1	81
24611.929	17910888	17910888	160854016	638	22	31	1365089	27695	2	12288	1	82
24671.925	18667832	0	149602304	621	22	30	1368507	27706	4	28672	1	82
24731.925	18611624	0	149487616	621	22	30	1371868	27716	3	20480	1	82
24791.927	18917920	0	150208512	623	22	31	1375254	27723	4	28672	1	82
24851.925	23419000	0	150274048	623	22	31	1378511	27729	4	28672	1	82
24912.079	33743816	0	162627584	648	22	31	1381815	27753	3	20480	1	83
24972.081	33735864	0	158978048	623	22	30	1385247	27763	3	20480	1	83
25032.081	34437128	0	159109120	625	22	31	1388670	27772	5	32768	1	83
25092.081	34142904	0	158978048	625	22	31	1392009	27781	3	20480	1	83
25152.08	34536384	0	159043584	625	22	31	1395406	27785	5	32768	1	83
25212.162	17904904	17904904	166633472	653	22	30	1398815	27795	4	24576	1	84
25272.16	18192048	0	153169920	621	22	30	1402181	27801	5	32768	1	84
25332.161	23432536	0	153235456	621	22	30	1405502	27810	4	24576	1	84
25392.16	23376728	0	153776128	623	22	31	1408851	27821	5	32768	1	84
25452.16	18247048	0	153706496	623	22	31	1412257	27829	4	24576	1	84
25512.226	32737072	0	167849984	656	22	31	1415729	27837	5	32768	1	85
25572.221	32805080	0	157114368	629	22	31	1419046	27860	4	24576	1	85
25632.221	33190312	0	154570752	626	22	31	1422467	27863	5	32768	1	85
25692.221	33989720	0	155361280	626	22	31	1425894	27869	5	32768	1	85
25752.221	34763000	0	155230208	624	22	30	1429322	27883	4	24576	1	85
25812.371	17910880	17910880	164765696	636	22	30	1432744	27895	2	12288	1	86
25872.363	23477616	0	152383488	621	22	30	1436097	27904	4	28672	1	86
25932.362	23590608	0	152449024	623	22	31	1439458	27911	4	28672	1	86
25992.361	18403056	0	152408064	623	22	31	1442859	27919	4	28672	1	86
26052.362	18345016	0	152346624	621	22	30	1446205	27943	3	20480	1	86
26112.638	33760208	0	166121472	646	22	30	1449594	27963	5	32768	1	87
26172.63	32669272	0	159076352	623	22	30	1452914	27976	5	32768	1	87
26232.629	33053064	0	159207424	623	22	30	1456294	27984	3	20480	1	87
26292.63	32777376	0	159137792	625	22	31	1459658	27985	5	32768	1	87
26352.629	33194272	0	159203328	625	22	31	1463063	27990	5	32768	1	87
26412.787	17864088	17864088	161853440	638	22	31	1466433	28003	2	12288	1	88
26472.787	18372192	0	148623360	621	22	30	1469821	28015	3	20480	1	88
26532.8	19133008	0	148623360	621	22	30	1473242	28021	3	20480	1	88
26592.8	19688464	0	149278720	623	22	31	1476654	28029	4	28672	1	88
26652.802	20284544	0	149278720	623	22	31	1480052	28041	3	20480	1	88
26712.948	33028856	0	162746368	645	22	31	1483467	28058	2	16384	1	89
26772.943	33042136	0	155394048	624	22	30	1486857	28071	3	24576	1	89
26832.941	33394456	0	155394048	626	22	31	1490232	28085	3	24576	1	89
26892.94	33072344	0	155394048	626	22	31	1493567	28096	3	24576	1	89
26952.942	33667928	0	155394048	626	22	31	1496979	28104	3	24576	1	89
27013.106	17917712	17917712	161042432	638	22	31	1500386	28125	4	24576	1	90
27073.097	23153480	0	149975040	623	22	31	1503694	28140	3	20480	1	90
27133.097	23517568	0	150040576	623	22	31	1507065	28154	3	20480	1	90
27193.096	18179736	0	150605824	623	22	31	1510444	28168	4	28672	1	90
27253.097	18369512	0	150544384	623	22	31	1513810	28179	3	20480	1	90
27313.252	33802520	0	163778560	648	22	31	1517192	28191	3	20480	1	91
27373.255	32708040	0	160509952	625	22	31	1520491	28213	3	20480	1	91
27433.254	37314464	0	160641024	625	22	31	1523758	28222	3	20480	1	91
27493.257	37693664	0	160514048	625	22	31	1527162	28234	5	32768	1	91
27553.257	32991704	0	160579584	623	22	30	1530598	28251	5	32768	1	91
27613.406	17859920	17859920	162717696	636	22	30	1533938	28271	2	12288	1	92
27673.41	18219568	0	152178688	621	22	30	1537310	28282	4	28672	1	92
27733.409	18154976	0	152117248	623	22	31	1540665	28288	4	28672	1	92
27793.409	18605312	0	152838144	623	22	31	1544057	28295	3	20480	1	92
27853.408	19097000	0	152772608	621	22	30	1547457	28303	4	28672	1	92
27913.549	33278728	0	167378944	647	22	31	1550827	28318	2	16384	1	93
27973.55	32831824	0	158445568	625	22	31	1554204	28328	3	24576	1	93
28033.551	33468792	0	158511104	625	22	31	1557625	28334	2	16384	1	93
28093.552	33044872	0	159100928	625	22	31	1560928	28349	2	16384	1	93
28153.549	34077032	0	159166464	625	22	31	1564388	28357	3	24576	1	93
28213.626	17904688	17904688	165429248	650	22	31	1567697	28369	3	20480	1	94
28273.63	18410768	0	151756800	623	22	31	1571104	28377	3	20480	1	94
28333.629	18707704	0	151756800	623	22	31	1574458	28390	2	12288	1	94
28393.628	18644920	0	151756800	623	22	31	1577775	28414	3	20480	1	94
28453.628	19029984	0	151756800	623	22	31	1581153	28427	3	20480	1	94
28513.899	33102872	0	161513472	644	22	31	1584559	28444	5	32768	1	95
28573.893	33494216	0	159825920	633	22	31	1587955	28459	3	20480	1	95
28633.894	33529048	0	158744576	626	22	31	1591348	28468	3	20480	1	95
28693.894	33973936	0	158744576	626	22	31	1594757	28473	3	20480	1	95
28753.895	33215136	0	158744576	626	22	31	1598038	28483	3	20480	1	95
28814.037	17859920	17859920	162701312	638	22	31	1601394	28495	2	12288	1	96
