# REQ-TST-009 soak samples. 8 hours requested, sampling every 60 s, started 2026-07-29 22:14:56Z
elapsed_s	managed_b	collected_b	private_b	handles	gdi	user	frames_drawn	frames_dropped	pooled_buffers	pooled_b	traces	cycles
0.011	17058800	17050608	147070976	688	21	28	1	2	3	20480	1	0
59.988	18940416	0	137822208	714	21	33	3457	132	3	20480	1	0
119.986	22624400	0	138059776	714	21	33	7031	156	5	32768	1	0
179.986	18917784	0	138067968	708	21	32	10580	174	5	32768	1	0
239.986	20831168	0	141066240	713	21	32	14121	203	5	32768	1	0
299.986	23415072	0	141369344	707	21	31	17665	261	5	32768	1	0
360.112	31184768	0	170930176	724	22	33	21234	280	3	20480	1	1
420.112	34950008	0	163917824	721	22	32	24807	301	2	16384	1	1
480.111	31845984	0	163717120	717	22	32	28370	314	3	24576	1	1
540.111	34987672	0	163577856	717	22	32	31938	330	3	24576	1	1
600.201	17756944	17756944	165240832	715	22	32	35518	372	1	8192	1	2
660.211	20108864	0	155987968	710	22	32	39111	383	3	24576	1	2
720.206	21845304	0	156680192	708	22	31	42687	386	3	24576	1	2
780.205	18585672	0	156680192	710	22	32	46271	401	3	24576	1	2
840.205	20513176	0	156528640	710	22	32	49870	403	2	16384	1	2
900.284	31164008	0	171003904	716	22	32	53453	407	2	16384	1	3
960.285	32879584	0	162066432	713	22	31	57027	411	5	32768	1	3
1020.285	34791728	0	162721792	713	22	32	60610	418	5	32768	1	3
1080.285	36329856	0	162504704	713	22	32	64184	418	5	32768	1	3
1140.285	32705104	0	162574336	713	22	32	67738	427	5	32768	1	3
1200.372	17766248	17766248	159473664	715	22	32	71318	433	4	24576	1	4
1260.377	20008688	0	152346624	710	22	32	74893	450	5	32768	1	4
1320.377	21670344	0	152244224	708	22	31	78460	456	5	32768	1	4
1380.377	18195880	0	152309760	710	22	32	82033	466	5	32768	1	4
1440.377	20424440	0	152313856	710	22	32	85634	474	5	32768	1	4
1500.449	31100968	0	173367296	716	22	32	89213	480	3	20480	1	5
1560.44	33260216	0	165539840	714	22	31	92801	486	4	28672	1	5
1620.44	34896336	0	163069952	711	22	31	96359	496	4	28672	1	5
1680.44	31138664	0	163201024	713	22	32	99905	508	4	28672	1	5
1740.44	32586776	0	163721216	713	22	32	103419	523	4	28672	1	5
1800.529	17763224	17763224	160784384	715	22	32	106981	539	3	20480	1	6
1860.535	19938152	0	150368256	708	22	31	110568	543	3	24576	1	6
1920.535	22261112	0	151023616	710	22	32	114151	555	2	16384	1	6
1980.535	19274880	0	151023616	710	22	32	117761	574	3	24576	1	6
2040.535	21158920	0	151023616	710	22	32	121321	589	3	24576	1	6
2100.602	31819136	0	175591424	647	22	32	124892	593	2	16384	1	7
2160.597	33596696	0	166973440	644	22	32	128471	596	5	32768	1	7
2220.596	34490720	0	157380608	628	22	32	132034	597	3	20480	1	7
2280.596	36210136	0	157380608	630	22	33	135607	603	3	20480	1	7
2340.596	32639296	0	158044160	630	22	33	139185	618	3	20480	1	7
2400.696	17767288	17767288	157700096	631	22	32	142778	630	4	24576	1	8
2460.691	20347000	0	147693568	626	22	32	146371	656	4	24576	1	8
2520.691	22230632	0	147591168	626	22	32	149947	660	5	32768	1	8
2580.69	18892256	0	148369408	628	22	33	153522	672	5	32768	1	8
2640.69	20614000	0	148303872	628	22	33	157086	682	5	32768	1	8
2700.758	31208328	0	169922560	634	22	33	160673	687	2	12288	1	9
2760.751	33372616	0	160878592	634	22	33	164249	698	4	28672	1	9
2820.752	34984760	0	160342016	631	22	33	167808	709	4	28672	1	9
2880.751	31496496	0	159514624	629	22	32	171384	714	3	20480	1	9
2940.752	33236896	0	159420416	629	22	32	174943	728	4	28672	1	9
3000.837	17764544	17764544	161615872	631	22	32	178517	737	1	8192	1	10
3060.83	19721808	0	152932352	626	22	32	182068	754	3	24576	1	10
3120.83	21753464	0	152854528	626	22	32	185650	760	3	24576	1	10
3180.83	18337408	0	152920064	628	22	33	189243	763	3	24576	1	10
3240.83	19936624	0	152920064	628	22	33	192811	763	2	16384	1	10
3300.898	31094568	0	173363200	634	22	33	196376	770	4	28672	1	11
3360.895	32731624	0	163561472	632	22	32	199929	770	5	32768	1	11
3420.896	34521280	0	161775616	629	22	32	203520	773	5	32768	1	11
3480.894	31267232	0	161906688	631	22	33	207100	789	5	32768	1	11
3540.892	33682344	0	162459648	631	22	33	210711	799	5	32768	1	11
3600.975	17742904	17742904	162967552	633	22	33	214292	811	4	24576	1	12
3660.97	19853328	0	152203264	626	22	32	217854	820	4	28672	1	12
3720.971	21696712	0	152166400	628	22	33	221430	826	3	20480	1	12
3780.97	18067816	0	152231936	628	22	33	225001	830	3	20480	1	12
3840.97	20154520	0	152166400	628	22	33	228580	847	4	28672	1	12
3901.058	31010952	0	171769856	630	22	32	232169	859	2	16384	1	13
3961.05	33266048	0	161681408	629	22	32	235760	868	3	24576	1	13
4021.05	35226568	0	161746944	629	22	32	239350	868	3	24576	1	13
4081.049	31766392	0	161697792	631	22	33	242937	878	3	24576	1	13
4141.05	33538896	0	162418688	631	22	33	246502	881	3	24576	1	13
4201.148	17768664	17768664	161644544	631	22	32	250067	908	2	12288	1	14
4261.142	20011880	0	150188032	626	22	32	253651	917	4	28672	1	14
4321.145	21802376	0	150847488	626	22	32	257204	925	4	28672	1	14
4381.145	18139032	0	150847488	628	22	33	260781	940	4	28672	1	14
4441.142	20025664	0	150847488	628	22	33	264340	957	4	28672	1	14
4501.214	31442552	0	173068288	640	22	33	267909	982	2	16384	1	15
4561.205	33690872	0	162836480	639	22	33	271501	1002	5	32768	1	15
4621.205	35361944	0	156897280	631	22	33	275079	1016	3	20480	1	15
4681.206	31665880	0	156897280	631	22	33	278649	1024	5	32768	1	15
4741.205	33739720	0	156897280	629	22	32	282253	1036	5	32768	1	15
4801.295	17769240	17769240	124428288	628	22	33	285792	1047	4	24576	1	16
4861.299	19692040	0	125296640	623	22	33	289356	1051	4	28672	1	16
4921.3	21476872	0	125206528	623	22	33	292926	1060	4	28672	1	16
4981.3	23290608	0	125272064	621	22	32	296491	1065	4	28672	1	16
5041.3	19766528	0	125267968	621	22	32	300062	1080	3	20480	1	16
5101.367	31062048	0	133582848	625	22	32	303640	1082	2	16384	1	17
5161.361	33022152	0	133779456	625	22	32	307192	1090	3	24576	1	17
5221.361	34542800	0	133234688	624	22	32	310738	1106	3	24576	1	17
5281.361	36319720	0	133300224	624	22	32	314289	1117	3	24576	1	17
5341.361	32413200	0	133234688	624	22	32	317833	1123	3	24576	1	17
5401.458	17743760	17743760	124882944	626	22	32	321392	1130	4	24576	1	18
5461.455	19823016	0	125304832	621	22	32	324941	1145	4	28672	1	18
5521.47	21260616	0	125190144	621	22	32	328474	1155	4	28672	1	18
5581.47	18007864	0	125321216	621	22	32	332051	1167	4	28672	1	18
5641.483	19287120	0	125255680	621	22	32	335559	1177	2	12288	1	18
5701.56	32394568	0	136757248	627	22	32	339152	1192	2	16384	1	19
5761.565	34142376	0	136912896	627	22	32	342665	1206	3	20480	1	19
5821.566	35510736	0	136155136	624	22	32	346177	1225	5	32768	1	19
5881.564	37792984	0	136286208	624	22	32	349769	1237	5	32768	1	19
5941.565	34311856	0	136212480	624	22	32	353360	1243	5	32768	1	19
6001.658	17862792	17862792	125485056	626	22	32	356930	1267	4	24576	1	20
6061.66	20648056	0	127209472	621	22	32	360513	1300	4	24576	1	20
6121.66	22445512	0	127086592	621	22	32	364056	1317	4	24576	1	20
6181.661	19393984	0	127217664	621	22	32	367639	1333	4	24576	1	20
6241.66	21620984	0	127090688	621	22	32	371222	1349	4	24576	1	20
6301.726	31127440	0	134926336	625	22	32	374809	1363	3	20480	1	21
6361.72	33603728	0	135098368	625	22	32	378413	1366	4	28672	1	21
6421.72	35423056	0	134582272	624	22	32	381987	1371	3	20480	1	21
6481.72	31871536	0	134713344	624	22	32	385546	1377	4	28672	1	21
6541.72	33714480	0	134578176	624	22	32	389126	1380	4	28672	1	21
6601.806	17862920	17862920	127897600	626	22	32	392678	1388	3	20480	1	22
6661.8	19974696	0	128045056	621	22	32	396254	1397	3	20480	1	22
6721.8	21766176	0	127975424	621	22	32	399819	1400	4	28672	1	22
6781.8	18202840	0	128106496	621	22	32	403371	1407	3	20480	1	22
6841.8	19926840	0	128049152	621	22	32	406936	1415	3	20480	1	22
6901.862	31646032	0	140374016	634	22	32	410515	1429	4	28672	1	23
6961.861	33081752	0	133906432	623	22	32	414094	1439	5	32768	1	23
7021.861	34830984	0	133971968	623	22	32	417642	1459	3	20480	1	23
7081.862	36271992	0	133910528	623	22	32	421161	1467	5	32768	1	23
7141.862	32553600	0	133976064	623	22	32	424704	1485	3	20480	1	23
7201.989	17867024	17867024	124768256	626	22	32	428190	1501	4	24576	1	24
7261.986	19845712	0	124719104	621	22	32	431742	1514	5	32768	1	24
7321.987	21836248	0	124719104	621	22	32	435315	1522	5	32768	1	24
7381.986	23389136	0	124719104	621	22	32	438848	1534	4	24576	1	24
7441.987	19704504	0	124719104	621	22	32	442402	1551	5	32768	1	24
7502.051	31537136	0	134848512	636	22	33	445975	1553	3	20480	1	25
7562.05	33614696	0	134828032	635	22	33	449556	1559	4	28672	1	25
7622.05	35518504	0	132857856	624	22	32	453155	1569	4	28672	1	25
7682.05	32100760	0	132857856	624	22	32	456734	1573	4	28672	1	25
7742.05	34224384	0	132857856	624	22	32	460313	1593	3	20480	1	25
7802.141	17862880	17862880	124731392	626	22	32	463885	1612	4	24576	1	26
7862.145	19809552	0	125710336	621	22	32	467440	1627	5	32768	1	26
7922.145	22052984	0	125648896	628	22	33	471007	1661	5	32768	1	26
7982.145	18878840	0	125779968	628	22	33	474591	1678	5	32768	1	26
8042.142	20983144	0	125714432	628	22	33	478167	1700	5	32768	1	26
8102.206	31613400	0	136458240	638	22	33	481721	1714	3	20480	1	27
8162.205	33259688	0	132354048	632	22	33	485280	1724	5	32768	1	27
8222.205	35220376	0	132419584	632	22	33	488855	1736	5	32768	1	27
8282.206	31548184	0	132362240	632	22	33	492420	1745	5	32768	1	27
8342.205	33418568	0	132427776	632	22	33	495997	1746	5	32768	1	27
8402.278	17863896	17863896	125345792	633	22	33	499589	1768	4	24576	1	28
8462.267	20072576	0	126357504	628	22	33	503168	1780	5	32768	1	28
8522.27	22229792	0	126246912	628	22	33	506752	1802	5	32768	1	28
8582.267	19170432	0	126312448	628	22	33	510349	1809	5	32768	1	28
8642.27	21071536	0	126312448	628	22	33	513900	1836	4	24576	1	28
8702.332	31210552	0	135380992	634	22	33	517492	1847	3	20480	1	29
8762.33	33501336	0	135577600	634	22	33	521079	1856	4	28672	1	29
8822.33	35146040	0	134598656	631	22	33	524633	1866	4	28672	1	29
8882.33	31832288	0	134729728	631	22	33	528199	1887	3	20480	1	29
8942.329	33756320	0	134664192	631	22	33	531776	1900	4	28672	1	29
9002.414	17865320	17865320	127008768	633	22	33	535337	1922	1	8192	1	30
9062.41	19813016	0	128126976	633	22	33	538897	1934	2	16384	1	30
9122.41	22216400	0	128065536	633	22	33	542485	1958	3	24576	1	30
9182.41	18718064	0	128090112	633	22	33	546061	1967	2	16384	1	30
9242.41	20534320	0	128065536	633	22	33	549625	1977	3	24576	1	30
9302.473	31308720	0	136196096	639	22	33	553200	1992	2	16384	1	31
9362.47	33783064	0	136392704	639	22	33	556805	2005	3	20480	1	31
9422.471	35452896	0	135356416	636	22	33	560391	2012	5	32768	1	31
9482.471	32176248	0	135487488	636	22	33	563983	2031	3	20480	1	31
9542.482	33978344	0	135352320	636	22	33	567546	2047	5	32768	1	31
9602.564	17869536	17869536	124731392	633	22	33	571145	2059	2	12288	1	32
9662.564	20020976	0	124727296	628	22	33	574710	2080	4	28672	1	32
9722.574	22324640	0	124727296	628	22	33	578297	2098	4	28672	1	32
9782.565	18810640	0	124727296	628	22	33	581869	2118	4	28672	1	32
9842.565	20593856	0	124727296	628	22	33	585422	2132	4	28672	1	32
9902.626	31500192	0	134676480	641	22	33	588997	2147	4	28672	1	33
9962.626	33245600	0	134656000	640	22	33	592550	2152	4	28672	1	33
10022.626	34880544	0	132333568	631	22	33	596130	2166	4	28672	1	33
10082.627	31348936	0	132333568	631	22	33	599704	2181	4	28672	1	33
10142.626	33347800	0	132333568	631	22	33	603278	2193	4	28672	1	33
10202.707	17864016	17864016	124321792	633	22	33	606862	2204	3	20480	1	34
10262.705	20150384	0	124866560	628	22	33	610450	2217	3	20480	1	34
10322.705	22362728	0	124780544	628	22	33	614046	2230	4	28672	1	34
10382.705	18994176	0	124846080	628	22	33	617621	2245	4	28672	1	34
10442.705	20562912	0	124846080	628	22	33	621163	2253	4	28672	1	34
10502.765	31795288	0	136122368	638	22	33	624761	2273	2	16384	1	35
10562.767	33645120	0	132599808	632	22	33	628330	2296	3	20480	1	35
10622.77	35569992	0	132665344	632	22	33	631906	2306	5	32768	1	35
10682.767	32035840	0	132599808	632	22	33	635493	2318	5	32768	1	35
10742.767	33665048	0	132534272	632	22	33	639064	2323	5	32768	1	35
10802.856	17868064	17868064	125202432	633	22	33	642649	2339	4	24576	1	36
10862.861	20350568	0	125988864	628	22	33	646241	2360	5	32768	1	36
10922.861	22578592	0	125915136	628	22	33	649834	2382	4	24576	1	36
10982.861	18806896	0	125980672	628	22	33	653388	2393	4	24576	1	36
11042.862	21123128	0	125976576	628	22	33	656993	2404	5	32768	1	36
11102.924	31134384	0	135020544	632	22	33	660569	2421	3	20480	1	37
11162.925	33498528	0	135151616	632	22	33	664166	2426	3	20480	1	37
11222.925	35316008	0	134868992	631	22	33	667735	2440	4	28672	1	37
11282.925	32134624	0	134934528	631	22	33	671324	2458	4	28672	1	37
11342.925	34295064	0	134868992	631	22	33	674932	2465	4	28672	1	37
11403.015	17863912	17863912	126386176	633	22	33	678531	2479	4	24576	1	38
11463.02	20081096	0	126992384	628	22	33	682112	2488	4	24576	1	38
11523.02	22391960	0	126918656	628	22	33	685707	2498	4	24576	1	38
11583.017	19011144	0	127049728	628	22	33	689272	2521	5	32768	1	38
11643.02	21116992	0	126918656	628	22	33	692837	2544	4	24576	1	38
11703.078	31168792	0	135475200	634	22	33	696405	2570	3	20480	1	39
11763.08	33314112	0	135630848	634	22	33	699987	2579	3	20480	1	39
11823.08	35084448	0	135618560	631	22	33	703554	2592	5	32768	1	39
11883.08	31521832	0	135753728	631	22	33	707117	2604	3	20480	1	39
11943.08	33410328	0	135680000	631	22	33	710707	2610	5	32768	1	39
12003.153	17863896	17863896	127344640	633	22	33	714300	2623	5	32768	1	40
12063.145	20196368	0	127651840	628	22	33	717871	2650	5	32768	1	40
12123.145	22173696	0	127623168	628	22	33	721448	2665	4	24576	1	40
12183.145	18912680	0	127688704	628	22	33	725035	2681	4	24576	1	40
12243.144	21101712	0	127619072	628	22	33	728623	2702	5	32768	1	40
12303.203	31217976	0	137351168	634	22	33	732217	2717	4	24576	1	41
12363.205	33328192	0	134172672	631	22	33	735799	2733	4	24576	1	41
12423.205	34731904	0	134250496	631	22	33	739332	2736	5	32768	1	41
12483.205	36549968	0	134189056	631	22	33	742902	2743	5	32768	1	41
12543.205	32963712	0	134119424	631	22	33	746459	2762	4	24576	1	41
12603.293	17868080	17868080	125124608	633	22	33	750017	2779	4	24576	1	42
12663.285	20336576	0	125075456	628	22	33	753608	2794	4	24576	1	42
12723.285	22323000	0	125075456	628	22	33	757177	2807	5	32768	1	42
12783.285	18725584	0	125075456	628	22	33	760751	2816	4	24576	1	42
12843.285	20585376	0	125075456	628	22	33	764327	2825	4	24576	1	42
12903.348	31537832	0	135729152	639	22	33	767906	2833	3	20480	1	43
12963.345	33581432	0	135581696	638	22	33	771483	2848	5	32768	1	43
13023.345	35472480	0	131465216	631	22	33	775082	2865	5	32768	1	43
13083.346	31841264	0	131465216	631	22	33	778656	2877	5	32768	1	43
13143.345	33576520	0	131465216	631	22	33	782217	2893	5	32768	1	43
13203.429	17868064	17868064	124620800	633	22	33	785767	2906	4	24576	1	44
13263.425	19971080	0	125890560	628	22	33	789334	2921	5	32768	1	44
13323.425	21931168	0	125759488	628	22	33	792916	2934	5	32768	1	44
13383.425	18346024	0	125825024	628	22	33	796482	2938	4	24576	1	44
13443.426	20440664	0	125767680	628	22	33	800074	2956	4	24576	1	44
13503.486	31337376	0	134230016	634	22	33	803641	2971	3	20480	1	45
13563.487	33481424	0	134365184	634	22	33	807224	2980	3	20480	1	45
13623.487	35412576	0	133849088	633	22	33	810810	2990	3	20480	1	45
13683.486	31813848	0	133914624	633	22	33	814372	2998	4	28672	1	45
13743.487	33723272	0	133853184	633	22	33	817931	3016	3	20480	1	45
13803.565	17863960	17863960	126992384	633	22	33	821498	3025	3	20480	1	46
13863.566	20145144	0	128667648	628	22	33	825079	3035	4	28672	1	46
13923.568	22115840	0	128581632	628	22	33	828656	3048	4	28672	1	46
13983.565	18397736	0	128647168	628	22	33	832199	3063	4	28672	1	46
14043.565	20603888	0	128577536	628	22	33	835781	3090	4	28672	1	46
14103.628	31524520	0	139411456	641	22	33	839368	3120	4	28672	1	47
14163.626	33878056	0	136294400	635	22	33	842963	3153	5	32768	1	47
14223.627	35535808	0	136359936	635	22	33	846514	3160	5	32768	1	47
14283.626	31912944	0	136298496	635	22	33	850077	3184	5	32768	1	47
14343.626	33939944	0	136429568	635	22	33	853644	3194	3	20480	1	47
14403.71	17869424	17869424	125280256	633	22	33	857226	3209	3	20480	1	48
14463.705	19966752	0	125235200	628	22	33	860797	3213	4	28672	1	48
14523.705	22093000	0	125235200	628	22	33	864376	3224	4	28672	1	48
14583.705	18780008	0	125235200	628	22	33	867965	3238	4	28672	1	48
14643.705	20932080	0	125235200	628	22	33	871535	3259	4	28672	1	48
14703.768	31507320	0	135688192	638	22	33	875129	3272	3	20480	1	49
14763.768	33577184	0	135307264	637	22	33	878714	3278	4	28672	1	49
14823.767	34985000	0	132526080	631	22	33	882263	3297	3	20480	1	49
14883.767	31373952	0	132530176	631	22	33	885817	3319	4	28672	1	49
14943.767	33069880	0	132489216	631	22	33	889374	3327	4	28672	1	49
15003.839	17859744	17859744	124952576	633	22	33	892952	3349	3	20480	1	50
15063.83	19938872	0	125501440	628	22	33	896520	3359	4	28672	1	50
15123.83	22235304	0	125411328	628	22	33	900116	3379	4	28672	1	50
15183.83	18668512	0	125476864	628	22	33	903686	3382	4	28672	1	50
15243.829	20629056	0	125411328	628	22	33	907257	3397	4	28672	1	50
15303.903	31570336	0	136462336	638	22	33	910838	3411	2	16384	1	51
15363.895	33633064	0	136343552	637	22	33	914422	3416	3	20480	1	51
15423.892	35503208	0	133521408	633	22	33	918011	3427	5	32768	1	51
15483.895	32373520	0	133656576	633	22	33	921622	3438	5	32768	1	51
15543.893	34593712	0	133656576	633	22	33	925215	3461	5	32768	1	51
15603.969	17863896	17863896	125505536	633	22	33	928790	3472	4	24576	1	52
15663.979	20308736	0	126492672	633	22	33	932371	3495	5	32768	1	52
15723.97	22389208	0	126443520	633	22	33	935974	3504	4	24576	1	52
15783.97	18960496	0	126574592	633	22	33	939557	3516	5	32768	1	52
15843.97	21088344	0	126447616	633	22	33	943120	3541	4	24576	1	52
15904.032	31179128	0	135131136	639	22	33	946696	3556	5	32768	1	53
15964.034	33538504	0	135225344	636	22	33	950284	3580	5	32768	1	53
16024.035	35917432	0	135356416	636	22	33	953880	3596	4	24576	1	53
16084.035	32400496	0	135221248	636	22	33	957452	3615	5	32768	1	53
16144.035	34370880	0	135155712	636	22	33	961032	3630	5	32768	1	53
16204.112	17869528	17869528	127025152	633	22	33	964613	3654	2	12288	1	54
16264.11	20529944	0	127676416	628	22	33	968223	3673	3	20480	1	54
16324.111	22526520	0	127610880	628	22	33	971796	3686	4	28672	1	54
16384.111	19062760	0	127741952	628	22	33	975368	3697	4	28672	1	54
16444.112	21145800	0	127606784	628	22	33	978948	3707	4	28672	1	54
16504.174	31193016	0	135778304	634	22	33	982542	3719	4	28672	1	55
16564.175	33139528	0	135856128	631	22	33	986113	3734	5	32768	1	55
16624.175	35439608	0	135987200	631	22	33	989693	3763	5	32768	1	55
16684.175	31367048	0	135856128	631	22	33	993249	3769	5	32768	1	55
16744.175	33006480	0	135790592	631	22	33	996780	3791	5	32768	1	55
16804.262	17873384	17873384	125513728	633	22	33	1000368	3801	4	24576	1	56
16864.251	20033944	0	125464576	628	22	33	1003943	3816	4	28672	1	56
16924.251	21989152	0	125472768	628	22	33	1007512	3830	4	28672	1	56
16984.251	18402504	0	125472768	628	22	33	1011063	3842	4	28672	1	56
17044.252	20417784	0	125472768	628	22	33	1014646	3853	4	28672	1	56
17104.314	31580360	0	135397376	638	22	33	1018209	3863	4	28672	1	57
17164.315	33138552	0	132386816	632	22	33	1021722	3912	3	20480	1	57
17224.315	34966992	0	132386816	632	22	33	1025276	3924	4	28672	1	57
17284.315	31472240	0	132386816	632	22	33	1028840	3941	4	28672	1	57
17344.315	33426552	0	132386816	632	22	33	1032401	3957	4	28672	1	57
17404.389	17863960	17863960	124776448	633	22	33	1035957	3960	3	20480	1	58
17464.392	19581640	0	126541824	628	22	33	1039498	3964	3	20480	1	58
17524.395	21402752	0	126451712	628	22	33	1043073	3972	4	28672	1	58
17584.394	23367144	0	126517248	628	22	33	1046632	3988	3	20480	1	58
17644.396	19678536	0	126451712	628	22	33	1050209	3992	4	28672	1	58
17704.458	31206224	0	135868416	634	22	33	1053785	4012	2	16384	1	59
17764.47	33337888	0	136065024	634	22	33	1057370	4022	5	32768	1	59
17824.471	35045272	0	135229440	631	22	33	1060952	4030	3	20480	1	59
17884.471	31669504	0	135401472	631	22	33	1064554	4037	5	32768	1	59
17944.47	33291208	0	135331840	631	22	33	1068114	4044	3	20480	1	59
18004.562	17869528	17869528	127434752	633	22	33	1071721	4059	3	20480	1	60
18064.565	20151096	0	129007616	628	22	33	1075293	4078	4	28672	1	60
18124.565	22247840	0	128937984	628	22	33	1078862	4100	3	20480	1	60
18184.565	19336624	0	129069056	628	22	33	1082466	4122	4	28672	1	60
18244.565	21291832	0	129007616	628	22	33	1086029	4148	3	20480	1	60
18304.627	31146072	0	135249920	632	22	33	1089607	4164	2	16384	1	61
18364.627	33814040	0	135340032	632	22	33	1093211	4188	2	16384	1	61
18424.626	35674792	0	135225344	631	22	33	1096771	4214	3	24576	1	61
18484.627	32241736	0	135290880	631	22	33	1100351	4227	3	24576	1	61
18544.627	34267168	0	135229440	631	22	33	1103939	4241	3	24576	1	61
18604.708	17839856	17839856	127488000	633	22	33	1107519	4250	1	8192	1	62
18664.705	19873360	0	128008192	628	22	33	1111079	4260	3	24576	1	62
18724.705	21663008	0	127942656	628	22	33	1114643	4267	2	16384	1	62
18784.705	18440040	0	128008192	628	22	33	1118230	4280	3	24576	1	62
18844.705	20460552	0	127938560	628	22	33	1121805	4300	3	24576	1	62
18904.767	31120264	0	135892992	632	22	33	1125387	4312	2	16384	1	63
18964.767	33245552	0	136101888	632	22	33	1128966	4324	5	32768	1	63
19024.77	34975936	0	136155136	631	22	33	1132532	4334	5	32768	1	63
19084.767	31182488	0	136286208	631	22	33	1136079	4343	5	32768	1	63
19144.767	33204216	0	136159232	631	22	33	1139658	4362	5	32768	1	63
19204.846	17838392	17838392	128307200	633	22	33	1143229	4370	5	32768	1	64
19264.845	20107472	0	128520192	628	22	33	1146811	4388	5	32768	1	64
19324.846	21838240	0	128401408	628	22	33	1150367	4398	5	32768	1	64
19384.845	18861184	0	128532480	628	22	33	1153958	4428	5	32768	1	64
19444.845	21308472	0	128405504	628	22	33	1157552	4456	5	32768	1	64
19504.905	31147568	0	136945664	634	22	33	1161133	4466	5	32768	1	65
19564.91	33024872	0	136130560	631	22	33	1164696	4480	4	24576	1	65
19624.907	35288752	0	136196096	631	22	33	1168283	4503	5	32768	1	65
19684.91	31998264	0	136130560	631	22	33	1171858	4530	5	32768	1	65
19744.91	34000512	0	136069120	631	22	33	1175447	4544	5	32768	1	65
19805.001	17868080	17868080	124735488	633	22	33	1179038	4565	4	24576	1	66
19865.001	20306872	0	124690432	628	22	33	1182639	4585	5	32768	1	66
19925.001	22233480	0	124690432	628	22	33	1186205	4592	5	32768	1	66
19985.002	18660872	0	124690432	628	22	33	1189753	4613	5	32768	1	66
20045.001	20702792	0	124690432	628	22	33	1193333	4629	5	32768	1	66
20105.061	31490968	0	136978432	640	22	33	1196904	4641	5	32768	1	67
20165.065	33329840	0	136597504	639	22	33	1200470	4657	5	32768	1	67
20225.065	34552384	0	132907008	631	22	33	1204025	4663	3	20480	1	67
20285.065	36308256	0	132911104	631	22	33	1207576	4675	5	32768	1	67
20345.065	32500368	0	132911104	631	22	33	1211155	4676	2	12288	1	67
20405.146	17838392	17838392	124309504	633	22	33	1214743	4688	4	24576	1	68
20465.142	20038336	0	124395520	628	22	33	1218317	4704	5	32768	1	68
20525.145	21717632	0	124284928	628	22	33	1221860	4724	4	24576	1	68
20585.145	18292280	0	124416000	628	22	33	1225437	4732	4	24576	1	68
20645.145	20021392	0	124350464	628	22	33	1229006	4739	5	32768	1	68
20705.207	31173144	0	135053312	634	22	33	1232583	4753	5	32768	1	69
20765.205	33428728	0	135233536	634	22	33	1236166	4770	3	20480	1	69
20825.204	35476256	0	131653632	631	22	33	1239757	4787	3	20480	1	69
20885.205	32060408	0	131788800	631	22	33	1243325	4802	4	28672	1	69
20945.205	34047880	0	131727360	631	22	33	1246903	4820	4	28672	1	69
21005.276	17859792	17859792	125054976	633	22	33	1250495	4831	3	20480	1	70
21065.267	20121672	0	125964288	628	22	33	1254079	4840	4	28672	1	70
21125.267	21858424	0	125878272	628	22	33	1257635	4852	4	28672	1	70
21185.267	18444920	0	126009344	628	22	33	1261209	4860	3	20480	1	70
21245.271	20475408	0	125845504	628	22	33	1264776	4877	4	28672	1	70
21305.329	31647944	0	139202560	642	22	33	1268350	4884	4	28672	1	71
21365.33	33255680	0	132509696	630	22	33	1271934	4907	5	32768	1	71
21425.329	35123392	0	132575232	630	22	33	1275486	4927	5	32768	1	71
21485.33	31287624	0	132505600	630	22	33	1279051	4938	3	20480	1	71
21545.33	33346520	0	132571136	630	22	33	1282632	4957	5	32768	1	71
21605.417	17868064	17868064	125362176	633	22	33	1286228	4966	4	24576	1	72
21665.41	19713568	0	126361600	628	22	33	1289767	4976	4	24576	1	72
21725.41	21642376	0	126517248	628	22	33	1293324	4995	5	32768	1	72
21785.41	18279312	0	126582784	628	22	33	1296899	5015	5	32768	1	72
21845.41	20197520	0	126521344	628	22	33	1300474	5026	5	32768	1	72
21905.473	31582584	0	137994240	640	22	33	1304058	5039	3	20480	1	73
21965.47	33634304	0	135024640	635	22	33	1307645	5057	4	28672	1	73
22025.471	35698048	0	135090176	635	22	33	1311217	5077	4	28672	1	73
22085.471	32551592	0	135020544	635	22	33	1314814	5100	4	28672	1	73
22145.471	34524944	0	135086080	635	22	33	1318364	5124	4	28672	1	73
22205.552	17859792	17859792	128081920	633	22	33	1321944	5141	3	20480	1	74
22265.55	20195808	0	128425984	628	22	33	1325525	5160	4	28672	1	74
22325.551	22165336	0	128364544	628	22	33	1329113	5164	3	20480	1	74
22385.549	18536688	0	128495616	628	22	33	1332662	5176	3	20480	1	74
22445.55	20439416	0	128425984	628	22	33	1336217	5202	3	20480	1	74
22505.611	31537400	0	139354112	639	22	33	1339809	5233	2	16384	1	75
22565.612	33765368	0	139628544	638	22	33	1343395	5250	5	32768	1	75
22625.611	35218248	0	134504448	631	22	33	1346981	5254	3	20480	1	75
22685.611	31857600	0	134635520	631	22	33	1350566	5265	5	32768	1	75
22745.612	33839648	0	134512640	631	22	33	1354144	5284	5	32768	1	75
22805.693	17838328	17838328	128999424	633	22	33	1357747	5294	5	32768	1	76
22865.691	20104384	0	129146880	628	22	33	1361313	5315	5	32768	1	76
22925.69	22454256	0	129105920	635	22	34	1364915	5324	5	32768	1	76
22985.689	19300672	0	129245184	635	22	34	1368494	5347	5	32768	1	76
23045.691	21315488	0	129179648	635	22	34	1372073	5364	5	32768	1	76
23105.749	31148544	0	136708096	641	22	34	1375677	5391	4	24576	1	77
23165.752	33327920	0	136138752	638	22	34	1379261	5408	4	24576	1	77
23225.751	35688184	0	136630272	638	22	34	1382856	5418	4	24576	1	77
23285.752	32070440	0	136564736	638	22	34	1386437	5424	5	32768	1	77
23345.752	34058640	0	136507392	638	22	34	1390011	5438	5	32768	1	77
23405.829	17869120	17869120	125444096	640	22	34	1393597	5450	4	24576	1	78
23465.83	19835072	0	125399040	635	22	34	1397165	5455	5	32768	1	78
23525.831	21995512	0	125399040	635	22	34	1400745	5464	5	32768	1	78
23585.83	18550720	0	125358080	635	22	34	1404323	5483	5	32768	1	78
23645.83	20533504	0	125427712	635	22	34	1407892	5502	5	32768	1	78
23705.896	31743360	0	139091968	647	22	34	1411484	5511	3	20480	1	79
23765.892	33547368	0	133943296	641	22	34	1415059	5524	5	32768	1	79
23825.892	35546752	0	133943296	641	22	34	1418635	5537	5	32768	1	79
23885.896	31917936	0	133902336	641	22	34	1422213	5548	3	20480	1	79
23945.894	33684504	0	133902336	641	22	34	1425770	5565	5	32768	1	79
24005.976	17864936	17864936	125030400	640	22	34	1429363	5575	4	24576	1	80
24065.97	20057232	0	126099456	635	22	34	1432921	5592	5	32768	1	80
24125.971	22202416	0	125984768	635	22	34	1436494	5613	5	32768	1	80
24185.97	18559656	0	126156800	635	22	34	1440051	5617	5	32768	1	80
24245.97	20741752	0	126087168	635	22	34	1443633	5632	5	32768	1	80
24306.029	31108256	0	134467584	639	22	34	1447183	5651	5	32768	1	81
24366.035	33311392	0	134598656	639	22	34	1450754	5670	5	32768	1	81
24426.035	35057184	0	132763648	638	22	34	1454298	5685	5	32768	1	81
24486.035	31626080	0	132894720	638	22	34	1457859	5700	5	32768	1	81
24546.035	33763496	0	132763648	638	22	34	1461445	5715	4	24576	1	81
24606.112	17864952	17864952	127520768	640	22	34	1465015	5725	4	24576	1	82
24666.111	20195104	0	128655360	635	22	34	1468584	5748	5	32768	1	82
24726.111	22277336	0	128581632	635	22	34	1472177	5756	5	32768	1	82
24786.111	18738688	0	128651264	635	22	34	1475730	5765	4	24576	1	82
24846.111	20668576	0	128651264	635	22	34	1479306	5781	4	24576	1	82
24906.171	31652136	0	141033472	648	22	34	1482874	5792	3	20480	1	83
24966.175	33042688	0	133967872	637	22	34	1486463	5801	5	32768	1	83
25026.175	35033392	0	134033408	637	22	34	1490009	5829	5	32768	1	83
25086.176	31439176	0	134098944	637	22	34	1493580	5848	5	32768	1	83
25146.175	33585480	0	134098944	637	22	34	1497166	5864	5	32768	1	83
25206.252	17865216	17865216	127655936	640	22	34	1500726	5886	4	24576	1	84
25266.251	20110816	0	128888832	635	22	34	1504304	5899	5	32768	1	84
25326.252	21721520	0	128823296	635	22	34	1507858	5910	5	32768	1	84
25386.252	18658768	0	128954368	635	22	34	1511440	5928	4	24576	1	84
25446.252	20424528	0	129048576	635	22	34	1515011	5938	5	32768	1	84
25506.314	31536192	0	139456512	645	22	34	1518581	5948	4	24576	1	85
25566.314	33298440	0	139730944	644	22	34	1522146	5952	4	28672	1	85
25626.315	34799440	0	136507392	638	22	34	1525709	5965	4	28672	1	85
25686.316	31977312	0	136282112	638	22	34	1529297	5991	4	28672	1	85
25746.33	34105784	0	136155136	638	22	34	1532877	6005	4	28672	1	85
25806.406	17865000	17865000	124284928	640	22	34	1536465	6018	3	20480	1	86
25866.41	20326120	0	124239872	635	22	34	1540059	6035	4	28672	1	86
25926.409	22596848	0	124239872	635	22	34	1543642	6051	4	28672	1	86
25986.41	19199384	0	124239872	635	22	34	1547233	6062	3	20480	1	86
26046.41	21228768	0	124239872	635	22	34	1550804	6084	4	28672	1	86
26106.469	31482656	0	135704576	646	22	34	1554386	6100	4	28672	1	87
26166.471	33580664	0	135323648	645	22	34	1557963	6116	5	32768	1	87
26226.47	35358760	0	133070848	638	22	34	1561542	6132	5	32768	1	87
26286.485	31858888	0	133070848	638	22	34	1565107	6147	3	20480	1	87
26346.487	33808808	0	133070848	638	22	34	1568692	6156	5	32768	1	87
26406.565	17839432	17839432	128364544	640	22	34	1572266	6162	4	24576	1	88
26466.565	20107600	0	128737280	635	22	34	1575861	6174	5	32768	1	88
26526.565	22058016	0	128679936	635	22	34	1579442	6177	5	32768	1	88
26586.565	18614024	0	128745472	635	22	34	1583031	6179	5	32768	1	88
26646.564	20760136	0	129101824	635	22	34	1586608	6195	5	32768	1	88
26706.627	31175184	0	135041024	641	22	34	1590174	6208	5	32768	1	89
26766.626	33515952	0	134651904	639	22	34	1593771	6219	4	28672	1	89
26826.63	35573976	0	134782976	639	22	34	1597346	6236	4	28672	1	89
26886.626	32152400	0	134651904	639	22	34	1600930	6246	4	28672	1	89
26946.627	34256584	0	134590464	639	22	34	1604529	6254	4	28672	1	89
27006.697	17867080	17867080	125931520	641	22	34	1608100	6291	1	8192	1	90
27066.69	19695488	0	127041536	636	22	34	1611643	6302	3	24576	1	90
27126.69	21637824	0	126951424	636	22	34	1615207	6316	3	24576	1	90
27186.69	18215056	0	127016960	636	22	34	1618786	6333	3	24576	1	90
27246.69	20040800	0	126947328	636	22	34	1622359	6341	3	24576	1	90
27306.753	32009248	0	138797056	650	22	34	1625951	6350	2	16384	1	91
27366.751	34024072	0	137216000	644	22	34	1629518	6371	5	32768	1	91
27426.752	36031720	0	137281536	644	22	34	1633093	6382	5	32768	1	91
27486.752	32444512	0	137220096	644	22	34	1636681	6392	5	32768	1	91
27546.752	34526752	0	137285632	644	22	34	1640276	6396	5	32768	1	91
27606.836	17871224	17871224	124694528	641	22	34	1643875	6405	2	12288	1	92
27666.83	20074280	0	124702720	641	22	34	1647443	6424	4	28672	1	92
27726.83	22144720	0	124702720	641	22	34	1651012	6441	4	28672	1	92
27786.83	18884472	0	124702720	641	22	34	1654605	6457	4	28672	1	92
27846.83	21019624	0	124702720	641	22	34	1658182	6477	4	28672	1	92
27906.89	31543680	0	136024064	653	22	34	1661759	6482	2	16384	1	93
27966.896	33869136	0	135643136	652	22	34	1665352	6496	3	24576	1	93
28026.895	35760208	0	131485696	644	22	34	1668948	6506	2	16384	1	93
28086.894	32309384	0	131485696	644	22	34	1672507	6526	3	24576	1	93
28146.895	34435888	0	131485696	644	22	34	1676105	6538	3	24576	1	93
28206.981	17865792	17865792	124268544	641	22	34	1679664	6546	4	24576	1	94
28266.97	20181456	0	124813312	636	22	34	1683256	6565	4	24576	1	94
28326.97	22371648	0	124739584	636	22	34	1686860	6575	4	24576	1	94
28386.97	18990312	0	124870656	636	22	34	1690437	6589	5	32768	1	94
28446.972	21036816	0	124743680	636	22	34	1694032	6596	5	32768	1	94
28507.046	31146496	0	137396224	640	22	34	1697607	6618	3	20480	1	95
28567.05	33246584	0	137527296	640	22	34	1701183	6629	5	32768	1	95
28627.05	35039040	0	137011200	639	22	34	1704754	6646	5	32768	1	95
28687.05	31831368	0	137142272	639	22	34	1708344	6660	5	32768	1	95
28747.051	33607144	0	137011200	639	22	34	1711876	6679	5	32768	1	95
28807.126	17865656	17865656	126775296	641	22	34	1715452	6689	4	24576	1	96
